date,revenue,orders,revenue_7d_avg,orders_7d_avg,day_of_week,month,day,week_of_year,revenue_lag_1,revenue_lag_7,revenue_lag_14,revenue_roll_7,revenue_roll_30,revenue_lag_2,revenue_lag_3,revenue_lag_30,revenue_roll_3,revenue_roll_14,revenue_std_7,is_weekend,is_holiday,near_holiday,is_month_end,is_month_start,november_sale_period
2016-07-01,301877.0,297.0,,,4,7,1,26,,,,,,,,,,,,0,0,0,0,1,0
2016-07-02,220574.0,109.0,,,5,7,2,26,301877.0,,,,,,,,,,,1,0,0,0,1,0
2016-07-03,80073.0,64.0,,,6,7,3,26,220574.0,,,,,301877.0,,,,,,1,0,1,0,1,0
2016-07-04,172844.25,108.0,,,0,7,4,27,80073.0,,,,,220574.0,301877.0,,200841.33333333334,,,0,0,1,0,1,0
2016-07-05,66167.25,56.0,,,1,7,5,27,172844.25,,,,,80073.0,220574.0,,157830.41666666666,,,0,0,1,0,1,0
2016-07-06,36488.0,26.0,,,2,7,6,27,66167.25,,,,,172844.25,80073.0,,106361.5,,,0,1,1,0,0,0
2016-07-07,40128.0,20.0,131164.5,97.14285714285714,3,7,7,27,36488.0,,,,,66167.25,172844.25,,91833.16666666667,,,0,0,1,0,0,0
2016-07-08,70416.0,36.0,98098.64285714286,59.857142857142854,4,7,8,27,40128.0,301877.0,,131164.5,,36488.0,66167.25,,47594.416666666664,,102437.20496876368,0,0,1,0,0,0
2016-07-09,207219.5,69.0,96190.85714285714,54.142857142857146,5,7,9,27,70416.0,220574.0,,98098.64285714286,,40128.0,36488.0,,49010.666666666664,,70538.93960871559,1,0,0,0,0,0
2016-07-10,191796.0,57.0,112151.28571428571,53.142857142857146,6,7,10,27,207219.5,80073.0,,96190.85714285714,,70416.0,40128.0,,105921.16666666667,,66753.43042212905,1,0,0,0,0,0
2016-07-11,294381.01,131.0,129513.68000000001,56.42857142857143,0,7,11,28,191796.0,172844.25,,112151.28571428571,,207219.5,70416.0,,156477.16666666666,,75092.75808325726,0,0,0,0,0,0
2016-07-12,246665.5,136.0,155299.14428571428,67.85714285714286,1,7,12,28,294381.01,66167.25,,129513.68000000001,,191796.0,207219.5,,231132.17,,101034.15367375845,0,0,0,0,0,0
2016-07-13,396331.0,148.0,206705.28714285715,85.28571428571429,2,7,13,28,246665.5,36488.0,,155299.14428571428,,294381.01,191796.0,,244280.83666666667,,105122.90331479815,0,0,0,0,0,0
2016-07-14,354978.0,302.0,251683.85857142857,125.57142857142857,3,7,14,28,396331.0,40128.0,,206705.28714285715,,246665.5,294381.01,,312459.17,,123684.46116795417,0,0,0,0,0,0
2016-07-15,332295.5,217.0,289095.21571428573,151.42857142857142,4,7,15,28,354978.0,70416.0,301877.0,251683.85857142857,,396331.0,246665.5,,332658.1666666667,191424.17928571426,109439.76819716873,0,0,0,0,0,0
2016-07-16,137336.8,147.0,279111.97285714286,162.57142857142858,5,7,16,28,332295.5,207219.5,220574.0,289095.21571428573,,354978.0,396331.0,,361201.5,193596.92928571426,77141.97933912123,1,0,0,0,0,0
2016-07-17,154984.0,51.0,273853.1157142857,161.71428571428572,6,7,17,28,137336.8,191796.0,80073.0,279111.97285714286,,332295.5,354978.0,,274870.10000000003,187651.415,92497.42141353186,1,0,0,0,0,0
2016-07-18,388799.0,190.0,287341.4,170.14285714285714,0,7,18,29,154984.0,294381.01,172844.25,273853.1157142857,,137336.8,332295.5,,208205.43333333335,193002.20071428572,99099.88503979747,0,0,0,0,0,0
2016-07-19,179898.0,170.0,277803.1857142857,175.0,1,7,19,29,388799.0,246665.5,66167.25,287341.4,,154984.0,137336.8,,227039.93333333335,208427.54,108353.08676499875,0,0,0,0,0,0
2016-07-20,204758.0,194.0,250435.61428571428,181.57142857142858,2,7,20,29,179898.0,396331.0,36488.0,277803.1857142857,,388799.0,154984.0,,241227.0,216551.165,115249.7730362542,0,0,0,0,0,0
2016-07-21,473061.0,188.0,267304.6142857143,165.28571428571428,3,7,21,29,204758.0,354978.0,40128.0,250435.61428571428,,179898.0,388799.0,,257818.33333333334,228570.45071428572,104673.24534382271,0,0,0,0,0,0
2016-07-22,279976.0,215.0,259830.4,165.0,4,7,22,29,473061.0,332295.5,70416.0,267304.6142857143,,204758.0,179898.0,,285905.6666666667,259494.23642857143,130626.65601594532,0,0,0,0,0,0
2016-07-23,279533.0,129.0,280144.14285714284,162.42857142857142,5,7,23,29,279976.0,137336.8,207219.5,259830.4,,473061.0,204758.0,,319265.0,274462.8078571429,127753.43518350758,1,0,0,0,0,0
2016-07-24,133182.0,75.0,277029.5714285714,165.85714285714286,6,7,24,29,279533.0,154984.0,191796.0,280144.14285714284,,279976.0,473061.0,,344190.0,279628.0578571429,115773.20830749028,1,0,0,0,0,0
2016-07-25,537375.0,274.0,298254.71428571426,177.85714285714286,0,7,25,30,133182.0,388799.0,294381.01,277029.5714285714,,279533.0,279976.0,,230897.0,275441.34357142856,119920.47417470349,0,0,0,1,0,0
2016-07-26,402445.99,275.0,330047.2842857143,192.85714285714286,1,7,26,30,537375.0,179898.0,246665.5,298254.71428571426,,133182.0,279533.0,,316696.6666666667,292798.0571428571,151887.73866874436,0,0,0,1,0,0
2016-07-27,325555.99,211.0,347304.14,195.28571428571428,2,7,27,30,402445.99,204758.0,396331.0,330047.2842857143,,537375.0,133182.0,,357667.66333333333,303925.235,146168.53772013463,0,0,0,1,0,0
2016-07-28,585384.65,440.0,363350.3757142857,231.28571428571428,3,7,28,30,325555.99,473061.0,354978.0,347304.14,,402445.99,537375.0,,421792.32666666666,298869.8771428571,135664.79646478125,0,0,0,1,0,0
2016-07-29,516275.65,244.0,397107.4685714286,235.42857142857142,4,7,29,30,585384.65,279976.0,332295.5,363350.3757142857,,325555.99,402445.99,,437795.5433333333,315327.49500000005,157847.39024323187,0,0,0,1,0,0
2016-07-30,387415.0,201.0,412519.1828571429,245.71428571428572,5,7,30,30,516275.65,279533.0,137336.8,397107.4685714286,,585384.65,325555.99,,475738.76333333337,328468.9342857143,162251.2739559891,1,0,0,1,0,0
2016-07-31,131808.0,44.0,412322.8971428572,241.28571428571428,6,7,31,30,387415.0,133182.0,154984.0,412519.1828571429,266607.1363333333,516275.65,585384.65,301877.0,496358.43333333335,346331.66285714286,154143.00564120722,1,0,0,1,0,0
2016-08-01,450788.7,245.0,399953.4257142857,237.14285714285714,0,8,1,31,131808.0,537375.0,388799.0,412322.8971428572,260938.16966666665,387415.0,516275.65,220574.0,345166.2166666667,344676.2342857143,154558.31363736227,0,0,0,0,1,0
2016-08-02,703731.0,355.0,442994.1414285715,248.57142857142858,1,8,2,31,450788.7,402445.99,179898.0,399953.4257142857,268611.993,131808.0,387415.0,80073.0,323337.23333333334,349104.07,146116.50413457,0,0,0,0,1,0
2016-08-03,559980.5,255.0,476483.35714285716,254.85714285714286,2,8,3,31,703731.0,325555.99,204758.0,442994.1414285715,289400.593,450788.7,131808.0,172844.25,428775.89999999997,386520.7128571429,185924.39143410572,0,0,0,0,1,0
2016-08-04,793964.0,361.0,506280.40714285715,243.57142857142858,3,8,4,31,559980.5,585384.65,473061.0,476483.35714285716,302305.1346666666,703731.0,450788.7,66167.25,571500.0666666667,411893.7485714286,182323.28050178365,0,0,0,0,1,0
2016-08-05,525125.25,315.0,507544.6357142857,253.71428571428572,4,8,5,31,793964.0,516275.65,279976.0,506280.40714285715,326565.0263333333,559980.5,703731.0,36488.0,685891.8333333334,434815.3914285715,216860.20434053152,0,0,0,0,1,0
2016-08-06,453909.9,256.0,517043.90714285715,261.57142857142856,5,8,6,31,525125.25,387415.0,279533.0,507544.6357142857,342852.9346666666,793964.0,559980.5,40128.0,626356.5833333334,452326.05214285717,216953.96004109335,1,0,0,0,0,0
2016-08-07,288386.0,97.0,539412.1928571428,269.14285714285717,6,8,7,31,453909.9,131808.0,133182.0,517043.90714285715,356645.66466666665,525125.25,793964.0,70416.0,590999.7166666667,464781.54500000004,212221.59293988463,1,0,0,0,0,0
2016-08-08,526362.88,264.0,550208.5042857144,271.85714285714283,0,8,8,32,288386.0,450788.7,537375.0,539412.1928571428,363911.33133333334,453909.9,525125.25,207219.5,422473.7166666666,475867.54500000004,168623.53531157927,0,0,0,0,0,0
2016-08-09,675830.25,391.0,546222.6828571429,277.0,1,8,9,32,526362.88,703731.0,402445.99,550208.5042857144,374549.444,288386.0,453909.9,191796.0,422886.26,475080.965,164369.30910932308,0,0,0,0,0,0
2016-08-10,472441.0,281.0,533717.04,280.7142857142857,2,8,10,32,675830.25,559980.5,325555.99,546222.6828571429,390683.919,526362.88,288386.0,294381.01,496859.70999999996,494608.41214285715,160314.31499879423,0,0,0,0,0,0
2016-08-11,571170.8,198.0,501889.44,257.42857142857144,3,8,11,32,472441.0,793964.0,585384.65,533717.04,396619.25200000004,675830.25,526362.88,246665.5,558211.3766666666,505100.1985714286,162462.2002349052,0,0,1,0,0,0
2016-08-12,550283.55,159.0,505483.48285714287,235.14285714285714,4,8,12,32,571170.8,525125.25,516275.65,501889.44,407436.0953333333,472441.0,675830.25,396331.0,573147.3500000001,504084.9235714286,118986.78506986579,0,0,1,0,0,0
2016-08-13,376504.3,181.0,494425.54000000004,224.42857142857142,5,8,13,32,550283.55,453909.9,387415.0,505483.48285714287,412567.847,571170.8,472441.0,354978.0,531298.4500000001,506514.0592857143,120179.58585348965,1,0,1,0,0,0
2016-08-14,584026.0,123.0,536659.8257142857,228.14285714285714,6,8,14,32,376504.3,288386.0,131808.0,494425.54000000004,413285.39033333334,550283.55,571170.8,332295.5,499319.55000000005,505734.72357142856,128956.48206252152,1,1,1,0,0,0
2016-08-15,596133.3,264.0,546627.0285714286,228.14285714285714,0,8,15,33,584026.0,526362.88,450788.7,536659.8257142857,421676.407,376504.3,550283.55,137336.8,503604.6166666667,538036.0092857144,93869.10368156036,0,0,1,0,0,0
2016-08-16,622955.1,202.0,539073.4357142857,201.14285714285714,1,8,16,33,596133.3,675830.25,703731.0,546627.0285714286,436969.6236666666,584026.0,376504.3,154984.0,518887.8666666667,548417.7664285714,96267.07889934794,0,0,1,0,0,0
2016-08-17,448011.65,147.0,535583.5285714286,182.0,2,8,17,33,622955.1,472441.0,559980.5,539073.4357142857,452568.66033333336,596133.3,584026.0,388799.0,601038.1333333333,542648.0592857143,85962.40223105678,0,0,0,0,0,0
2016-08-18,584058.25,153.0,537424.5928571429,175.57142857142858,3,8,18,33,448011.65,571170.8,793964.0,535583.5285714286,454542.4153333333,622955.1,596133.3,179898.0,555700.0166666667,534650.2842857143,89539.85960565243,0,0,0,0,0,0
2016-08-19,395637.0,168.0,515332.2285714286,176.85714285714286,4,8,19,33,584058.25,550283.55,525125.25,537424.5928571429,468014.4236666666,448011.65,622955.1,204758.0,551675.0,519657.0164285715,90520.65772989567,0,0,0,0,0,0
2016-08-20,340885.5,167.0,510243.82857142854,174.85714285714286,5,8,20,33,395637.0,376504.3,453909.9,515332.2285714286,474377.057,584058.25,448011.65,473061.0,475902.3,510407.85571428575,104630.93682591344,1,0,0,0,0,0
2016-08-21,244985.5,85.0,461809.4714285714,169.42857142857142,6,8,21,33,340885.5,584026.0,288386.0,510243.82857142854,469971.207,395637.0,584058.25,279976.0,440193.5833333333,502334.6842857143,113036.14635912543,1,0,0,0,0,0
2016-08-22,379776.0,165.0,430901.28571428574,155.28571428571428,0,8,22,34,244985.5,596133.3,526362.88,461809.4714285714,468804.85699999996,340885.5,395637.0,279533.0,327169.3333333333,499234.64857142855,144429.90554546396,0,0,0,0,0,0
2016-08-23,468543.6,199.0,408842.5,154.85714285714286,1,8,23,34,379776.0,622955.1,675830.25,430901.28571428574,472146.2903333333,244985.5,340885.5,133182.0,321882.3333333333,488764.15714285715,133640.92037915395,0,0,0,0,0,0
2016-08-24,513763.0,176.0,418235.54999999993,159.0,2,8,24,34,468543.6,448011.65,472441.0,408842.5,483325.01033333334,379776.0,244985.5,537375.0,364435.0333333334,473957.96785714285,106681.39454429694,0,0,0,0,0,0
2016-08-25,537100.5,171.0,411527.29999999993,161.57142857142858,3,8,25,34,513763.0,584058.25,571170.8,418235.54999999993,482537.9436666667,468543.6,379776.0,402445.99,454027.5333333334,476909.5392857143,113388.7141223394,0,0,0,1,0,0
2016-08-26,366151.0,203.0,407315.01428571425,166.57142857142858,4,8,26,34,537100.5,395637.0,550283.55,411527.29999999993,487026.42733333335,513763.0,468543.6,325555.99,506469.0333333334,474475.9464285714,102841.87467392249,0,0,0,1,0,0
2016-08-27,360208.0,152.0,410075.37142857135,164.42857142857142,5,8,27,34,366151.0,340885.5,376504.3,407315.01428571425,488379.59433333337,537100.5,513763.0,585384.65,472338.1666666667,461323.62142857147,104196.13766810909,1,0,0,1,0,0
2016-08-28,220512.0,86.0,406579.1571428571,164.57142857142858,6,8,28,34,360208.0,244985.5,584026.0,410075.37142857135,480873.70600000006,366151.0,537100.5,516275.65,421153.1666666667,460159.60000000003,102383.15621192691,1,0,0,1,0,0
2016-08-29,420330.5,181.0,412372.6571428571,166.85714285714286,0,8,29,35,220512.0,379776.0,596133.3,406579.1571428571,471014.91766666673,360208.0,366151.0,387415.0,315623.6666666667,434194.3142857143,109154.25292847262,0,0,0,1,0,0
2016-08-30,480792.0,178.0,414122.4285714286,163.85714285714286,1,8,30,35,420330.5,468543.6,622955.1,412372.6571428571,472112.101,220512.0,360208.0,131808.0,333683.5,421636.9714285714,108569.21240698475,0,0,0,1,0,0
2016-08-31,541868.0,191.0,418137.4285714286,166.0,2,8,31,35,480792.0,513763.0,448011.65,414122.4285714286,483744.901,420330.5,220512.0,450788.7,373878.1666666667,411482.46428571426,109718.00448666494,0,0,0,1,0,0
2016-09-01,606386.75,156.0,428035.46428571426,163.85714285714286,3,9,1,35,541868.0,537100.5,584058.25,418137.4285714286,486780.8776666667,480792.0,420330.5,703731.0,480996.8333333333,418186.4892857143,114386.8356507972,0,0,0,0,1,0
2016-09-02,636899.0,192.0,466713.75,162.28571428571428,4,9,2,35,606386.75,366151.0,395637.0,428035.46428571426,483536.0693333334,541868.0,480792.0,559980.5,543015.5833333334,419781.3821428571,128521.00081232133,0,0,0,0,1,0
2016-09-03,743588.5,164.0,521482.39285714284,164.0,5,9,3,35,636899.0,360208.0,340885.5,466713.75,486100.0193333334,606386.75,541868.0,793964.0,595051.25,437014.3821428571,146303.39881525622,1,0,0,0,1,0
2016-09-04,432820.25,102.0,551812.1428571428,166.28571428571428,6,9,4,35,743588.5,220512.0,244985.5,521482.39285714284,484420.83600000007,636899.0,606386.75,525125.25,662291.4166666666,465778.8821428571,169679.61464231272,1,0,0,0,1,0
2016-09-05,742564.0,185.0,597845.5,166.85714285714286,0,9,5,36,432820.25,420330.5,379776.0,551812.1428571428,481344.00266666675,743588.5,636899.0,453909.9,604435.9166666666,479195.64999999997,118029.35496800672,0,0,0,0,1,0
2016-09-06,854009.61,212.0,651162.3014285715,171.71428571428572,1,9,6,36,742564.0,480792.0,468543.6,597845.5,490965.80600000004,432820.25,743588.5,288386.0,639657.5833333334,505109.07857142854,121003.3956900419,0,0,0,0,0,0
2016-09-07,575483.0,151.0,655964.4442857143,166.0,2,9,7,36,854009.61,541868.0,513763.0,651162.3014285715,509819.92633333337,742564.0,432820.25,526362.88,676464.62,532642.365,141345.13952199358,0,0,0,0,0,0
2016-09-08,915868.0,219.0,700176.0514285715,175.0,3,9,8,36,575483.0,606386.75,537100.5,655964.4442857143,511457.2636666667,854009.61,742564.0,675830.25,724018.87,537050.9364285715,137532.6501276244,0,0,0,0,0,0
2016-09-09,753024.5,139.0,716765.4085714286,167.42857142857142,4,9,9,36,915868.0,636899.0,366151.0,700176.0514285715,519458.522,575483.0,854009.61,472441.0,781786.87,564105.7578571428,165781.29476608924,0,0,1,0,0,0
2016-09-10,826142.0,171.0,728558.7657142858,168.42857142857142,5,9,10,36,753024.5,743588.5,360208.0,716765.4085714286,528811.3053333333,915868.0,575483.0,571170.8,748125.1666666666,591739.5792857143,164196.60575660798,1,0,1,0,0,0
2016-09-11,392066.0,87.0,722736.7300000001,166.28571428571428,6,9,11,36,826142.0,432820.25,220512.0,728558.7657142858,537310.3453333334,753024.5,915868.0,550283.55,831678.1666666666,625020.5792857142,169328.73828827756,1,0,1,0,0,0
2016-09-12,275320.5,57.0,655987.6585714286,148.0,0,9,12,37,392066.0,742564.0,420330.5,722736.7300000001,532036.427,826142.0,753024.5,376504.3,657077.5,637274.4364285714,181458.06157528126,0,1,1,0,0,0
2016-09-13,89998.0,29.0,546843.1428571428,121.85714285714286,1,9,13,37,275320.5,854009.61,480792.0,655987.6585714286,528663.6336666667,392066.0,826142.0,584026.0,497842.8333333333,626916.5792857142,247036.52265055734,0,0,1,0,0,0
2016-09-14,131594.5,39.0,483430.5,105.85714285714286,2,9,14,37,89998.0,575483.0,541868.0,546843.1428571428,512196.03366666666,275320.5,392066.0,596133.3,252461.5,599002.7221428572,306568.69385951053,0,0,1,0,0,0
2016-09-15,333007.2,90.0,400164.6714285714,87.42857142857143,3,9,15,37,131594.5,915868.0,606386.75,483430.5,496711.407,89998.0,275320.5,622955.1,165637.66666666666,569697.4721428572,343358.2277512804,0,0,0,0,0,0
2016-09-16,415535.0,145.0,351951.8857142857,88.28571428571429,4,9,16,37,333007.2,753024.5,636899.0,400164.6714285714,487046.47699999996,131594.5,89998.0,448011.65,184866.56666666665,550170.3614285715,287071.94966588536,0,0,0,0,0,0
2016-09-17,548821.15,147.0,312334.62142857147,84.85714285714286,5,9,17,37,415535.0,826142.0,743588.5,351951.8857142857,485963.922,333007.2,131594.5,584058.25,293378.89999999997,534358.6471428572,242870.5777248623,1,0,0,0,0,0
2016-09-18,333389.5,89.0,303952.2642857143,85.14285714285714,6,9,18,37,548821.15,392066.0,432820.25,312334.62142857147,484789.352,415535.0,333007.2,395637.0,432454.45,520446.6935714286,161674.18598019972,1,0,0,0,0,0
2016-09-19,593760.0,161.0,349443.62142857147,100.0,0,9,19,38,333389.5,275320.5,742564.0,303952.2642857143,482714.4353333333,548821.15,415535.0,340885.5,432581.88333333336,513344.4971428571,158338.04674283942,0,0,0,0,0,0
2016-09-20,397088.0,136.0,393313.62142857147,115.28571428571429,1,9,20,38,593760.0,89998.0,854009.61,349443.62142857147,491143.58533333335,333389.5,548821.15,244985.5,491990.21666666673,502715.64,191096.88773362277,0,0,0,0,0,0
2016-09-21,422218.0,136.0,434831.2642857143,129.14285714285714,2,9,21,38,397088.0,131594.5,575483.0,393313.62142857147,496213.66866666666,593760.0,333389.5,379776.0,441412.5,470078.3821428571,153076.2560729459,0,0,0,0,0,0
2016-09-22,597486.0,144.0,472613.95,136.85714285714286,3,9,22,38,422218.0,333007.2,915868.0,434831.2642857143,497628.402,397088.0,593760.0,468543.6,471022.0,459130.8821428571,100719.58013897187,0,0,0,0,0,0
2016-09-23,517506.61,171.0,487181.32285714283,140.57142857142858,4,9,23,38,597486.0,415535.0,753024.5,472613.95,501926.48199999996,422218.0,397088.0,513763.0,472264.0,436389.3107142857,105642.72063923432,0,0,0,0,0,0
2016-09-24,154955.0,103.0,430914.73,134.28571428571428,5,9,24,38,517506.61,548821.15,826142.0,487181.32285714283,502051.269,597486.0,422218.0,537100.5,512403.5366666666,419566.6042857143,103468.34658436662,1,0,0,0,0,0
2016-09-25,568427.0,160.0,464491.5157142857,144.42857142857142,6,9,25,38,154955.0,333389.5,392066.0,430914.73,489313.0856666666,517506.61,597486.0,366151.0,423315.86999999994,371624.6757142857,157399.46393181314,1,0,0,1,0,0
2016-09-26,814322.5,284.0,496000.44428571424,162.0,0,9,26,39,568427.0,593760.0,275320.5,464491.5157142857,496055.61899999995,154955.0,517506.61,360208.0,413629.5366666666,384221.89,158195.13141360748,0,0,0,1,0,0
2016-09-27,458506.55,196.0,504774.5228571429,170.57142857142858,1,9,27,39,814322.5,397088.0,89998.0,496000.44428571424,511192.769,568427.0,154955.0,220512.0,512568.1666666667,422722.03285714285,203664.71061385877,0,0,0,1,0,0
2016-09-28,2539139.8,567.0,807191.9228571429,232.14285714285714,2,9,28,39,458506.55,422218.0,131594.5,504774.5228571429,519125.92066666664,814322.5,568427.0,420330.5,613752.0166666667,449044.0721428571,199982.96401912652,0,0,0,1,0,0
2016-09-29,3117233.95,1158.0,1167155.9157142858,377.0,3,9,29,39,2539139.8,597486.0,333007.2,807191.9228571429,589752.8973333333,458506.55,814322.5,480792.0,1270656.2833333332,621011.5935714284,788626.6152840436,0,0,0,1,0,0
2016-09-30,3788177.55,1362.0,1634394.6214285714,547.1428571428571,4,9,30,39,3117233.95,517506.61,415535.0,1167155.9157142858,677634.2956666666,2539139.8,458506.55,541868.0,2038293.4333333333,819884.9328571428,1163105.805592331,0,0,0,1,0,0
2016-10-01,892533.85,495.0,1739763.0285714285,603.1428571428571,5,10,1,39,3788177.55,154955.0,548821.15,1634394.6214285714,785844.614,3117233.95,2539139.8,606386.75,3148183.766666667,1060787.972142857,1474020.3990091907,1,0,0,0,1,0
2016-10-02,390515.25,170.0,1714347.0642857142,604.5714285714286,6,10,2,39,892533.85,568427.0,333389.5,1739763.0285714285,795382.8506666666,3788177.55,3117233.95,636899.0,2599315.1166666667,1085338.8792857141,1373578.9700836525,1,0,0,0,1,0
2016-10-03,713210.35,508.0,1699902.4714285713,636.5714285714286,0,10,3,40,390515.25,814322.5,593760.0,1714347.0642857142,787170.059,892533.85,3788177.55,743588.5,1690408.883333333,1089419.2899999998,1400252.048728064,0,0,0,0,1,0
2016-10-04,802595.7,246.0,1749058.0642857144,643.7142857142857,1,10,4,40,713210.35,458506.55,397088.0,1699902.4714285713,786157.4539999999,390515.25,892533.85,432820.25,665419.8166666667,1097951.4578571427,1411559.703562947,0,0,0,0,1,0
2016-10-05,660770.25,165.0,1480719.5571428572,586.2857142857143,2,10,5,40,802595.7,2539139.8,422218.0,1749058.0642857144,798483.3023333333,713210.35,390515.25,742564.0,635440.4333333333,1126916.2935714286,1366393.4573958071,0,0,0,0,1,0
2016-10-06,459627.0,208.0,1101061.4214285712,450.57142857142856,3,10,6,40,660770.25,3117233.95,597486.0,1480719.5571428572,795756.844,802595.7,713210.35,854009.61,725525.4333333332,1143955.74,1369810.7423526484,0,0,0,0,0,0
2016-10-07,493319.75,237.0,630367.4500000001,289.85714285714283,4,10,7,40,459627.0,3788177.55,517506.61,1101061.4214285712,782610.757,660770.25,802595.7,575483.0,640997.65,1134108.6685714286,1198176.2093082631,0,0,0,0,0,0
2016-10-08,554134.0,204.0,582024.6142857142,248.28571428571428,5,10,8,40,493319.75,892533.85,154955.0,630367.4500000001,779871.9820000001,459627.0,660770.25,915868.0,537905.6666666666,1132381.0357142857,187813.96775426762,1,0,0,0,0,0
2016-10-09,306996.0,82.0,570093.2928571429,235.71428571428572,6,10,9,40,554134.0,390515.25,568427.0,582024.6142857142,767814.182,493319.75,459627.0,753024.5,502360.25,1160893.8214285714,148529.24973287285,1,0,0,0,0,0
2016-10-10,373181.0,159.0,521517.67142857146,185.85714285714286,0,10,10,41,306996.0,713210.35,814322.5,570093.2928571429,752946.5653333333,554134.0,493319.75,826142.0,451483.25,1142220.1785714286,168490.3732199753,0,0,0,0,0,0
2016-10-11,207022.0,96.0,436435.71428571426,164.42857142857142,1,10,11,41,373181.0,802595.7,458506.55,521517.67142857146,737847.8653333334,306996.0,554134.0,392066.0,411437.0,1110710.0714285714,169365.9043115734,0,0,0,0,0,0
2016-10-12,197933.45,73.0,370316.17142857146,151.28571428571428,2,10,12,41,207022.0,660770.25,2539139.8,436435.71428571426,731679.7320000001,373181.0,306996.0,275320.5,295733.0,1092746.8892857141,153481.2423080628,0,0,0,0,0,0
2016-10-13,693507.7,182.0,403727.7,147.57142857142858,3,10,13,41,197933.45,459627.0,3117233.95,370316.17142857146,729100.1636666667,207022.0,373181.0,89998.0,259378.81666666665,925517.8642857142,139817.58292167945,0,0,0,0,0,0
2016-10-14,483318.2,179.0,402298.90714285715,139.28571428571428,4,10,14,41,693507.7,493319.75,3788177.55,403727.7,749217.1536666666,197933.45,207022.0,131594.5,366154.3833333333,752394.5607142856,185272.66722060827,0,0,0,0,0,0
2016-10-15,806258.2,206.0,438316.64999999997,139.57142857142858,5,10,15,41,483318.2,554134.0,892533.85,402298.90714285715,760941.277,693507.7,197933.45,333007.2,458253.11666666664,516333.1785714286,184503.56339742092,1,0,0,0,0,0
2016-10-16,222138.7,85.0,426194.1785714286,140.0,6,10,16,41,806258.2,306996.0,390515.25,438316.64999999997,776716.3103333333,483318.2,693507.7,415535.0,661028.0333333333,510170.6321428571,236395.73448531845,1,0,0,0,0,0
2016-10-17,707969.9,202.0,474021.1642857143,146.14285714285714,0,10,17,42,222138.7,373181.0,713210.35,426194.1785714286,770269.7670000001,806258.2,483318.2,548821.15,503905.03333333327,498143.7357142857,246223.73716200455,0,0,0,0,0,0
2016-10-18,726138.35,202.0,548180.6428571428,161.28571428571428,1,10,18,42,707969.9,207022.0,802595.7,474021.1642857143,775574.7253333332,222138.7,806258.2,333389.5,578788.9333333333,497769.4178571428,265936.078973528,0,0,0,0,0,0
2016-10-19,574614.25,229.0,601992.1857142857,183.57142857142858,2,10,19,42,726138.35,197933.45,660770.25,548180.6428571428,788666.3536666667,707969.9,222138.7,593760.0,552082.3166666668,492308.1785714286,251034.23151972878,0,0,0,0,0,0
2016-10-20,536925.51,190.0,579623.3014285715,184.71428571428572,3,10,20,42,574614.25,693507.7,459627.0,601992.1857142857,788028.162,726138.35,707969.9,397088.0,669574.1666666666,486154.1785714286,198269.58786704845,0,0,0,0,0,0
2016-10-21,564998.75,185.0,591291.9514285714,185.57142857142858,4,10,21,42,536925.51,483318.2,493319.75,579623.3014285715,792689.4123333333,574614.25,726138.35,422218.0,612559.37,491675.50071428576,195030.33562415844,0,0,0,0,0,0
2016-10-22,580360.6,198.0,559020.8657142858,184.42857142857142,5,10,22,42,564998.75,806258.2,554134.0,591291.9514285714,797448.7706666666,536925.51,574614.25,597486.0,558846.1699999999,496795.4292857143,190703.56318799828,1,0,0,0,0,0
2016-10-23,391096.7,131.0,583157.7228571429,191.0,6,10,23,42,580360.6,222138.7,306996.0,559020.8657142858,796877.924,564998.75,536925.51,517506.61,560761.62,498668.75785714283,165743.8483939016,1,0,0,0,0,0
2016-10-24,909458.1,211.0,611941.7514285714,192.28571428571428,0,10,24,43,391096.7,707969.9,373181.0,583157.7228571429,792664.2603333333,580360.6,564998.75,154955.0,512152.01666666666,504675.95071428566,112143.47687068275,0,0,0,0,0,0
2016-10-25,713359.6,249.0,610116.2157142857,199.0,1,10,25,43,909458.1,726138.35,207022.0,611941.7514285714,817814.3636666667,391096.7,580360.6,568427.0,626971.7999999999,542981.4578571429,163580.34258568325,0,0,0,1,0,0
2016-10-26,458354.5,240.0,593507.6799999999,200.57142857142858,2,10,26,43,713359.6,574614.25,197933.45,610116.2157142857,822645.4503333332,909458.1,391096.7,814322.5,671304.7999999999,579148.4292857143,162158.64644526425,0,0,0,1,0,0
2016-10-27,542209.0,216.0,594262.4642857143,204.28571428571428,3,10,27,43,458354.5,536925.51,693507.7,593507.6799999999,810779.8503333332,713359.6,909458.1,458506.55,693724.0666666667,597749.9328571429,172052.74592341244,0,0,0,1,0,0
2016-10-28,340986.94,211.0,562260.7771428571,208.0,4,10,28,43,542209.0,564998.75,483318.2,594262.4642857143,813569.9319999999,458354.5,713359.6,2539139.8,571307.7000000001,586942.8828571428,171774.51741130758,0,0,0,1,0,0
2016-10-29,1037276.42,197.0,627534.4657142857,207.85714285714286,5,10,29,43,340986.94,580360.6,806258.2,562260.7771428571,740298.17,542209.0,458354.5,3117233.95,447183.48000000004,576776.3642857142,197130.36268749012,1,0,0,1,0,0
2016-10-30,219027.0,90.0,602953.08,202.0,6,10,30,43,1037276.42,391096.7,222138.7,627534.4657142857,670966.2523333333,340986.94,542209.0,3788177.55,640157.4533333334,593277.6657142857,267285.7259542347,1,0,0,1,0,0
2016-10-31,462616.55,166.0,539118.5728571429,195.57142857142858,0,10,31,44,219027.0,909458.1,707969.9,602953.08,551994.5673333334,1037276.42,340986.94,892533.85,532430.12,593055.4014285714,298718.3111830155,0,0,0,1,0,0
2016-11-01,733608.0,295.0,542011.2014285715,202.14285714285714,1,11,1,44,462616.55,713359.6,726138.35,539118.5728571429,537663.9906666667,219027.0,1037276.42,390515.25,572973.3233333334,575530.1621428571,268520.9119318388,0,0,0,0,1,0
2016-11-02,715059.0,227.0,578683.2728571428,200.28571428571428,2,11,2,44,733608.0,458354.5,574614.25,542011.2014285715,549100.4156666666,462616.55,219027.0,713210.35,471750.51666666666,576063.7085714285,270810.05381953326,0,0,0,0,1,0
2016-11-03,713682.0,261.0,603179.4157142857,206.71428571428572,3,11,3,44,715059.0,542209.0,536925.51,578683.2728571428,549162.0373333333,733608.0,462616.55,802595.7,637094.5166666667,586095.4764285714,274942.9403333546,0,0,0,0,1,0
2016-11-04,724995.58,329.0,658037.7928571429,223.57142857142858,4,11,4,44,713682.0,340986.94,564998.75,603179.4157142857,546198.2473333334,715059.0,733608.0,660770.25,720783.0,598720.9400000001,278763.81259664206,0,0,0,0,1,0
2016-11-05,399565.5,210.0,566936.2328571429,225.42857142857142,5,11,5,44,724995.58,1037276.42,580360.6,658037.7928571429,548339.0916666667,713682.0,715059.0,459627.0,717912.1933333334,610149.285,255370.24495209448,1,0,0,0,1,0
2016-11-06,150775.0,90.0,557185.9471428571,225.42857142857142,6,11,6,44,399565.5,219027.0,391096.7,566936.2328571429,546337.0416666666,724995.58,713682.0,493319.75,612747.6933333334,597235.3492857142,206629.0162981116,1,0,0,0,0,0
2016-11-07,618620.5,307.0,579472.2257142857,245.57142857142858,0,11,7,45,150775.0,462616.55,909458.1,557185.9471428571,534918.8833333333,399565.5,724995.58,554134.0,425112.0266666667,580069.5135714285,226442.4736304682,0,0,0,0,0,1
2016-11-08,535264.5,250.0,551137.4400000001,239.14285714285714,1,11,8,45,618620.5,733608.0,713359.6,579472.2257142857,537068.4333333333,150775.0,399565.5,306996.0,389653.6666666667,559295.3992857143,223238.00792881794,0,0,0,0,0,1
2016-11-09,411738.0,244.0,507805.8685714286,241.57142857142858,2,11,9,45,535264.5,715059.0,458354.5,551137.4400000001,544677.3833333333,618620.5,150775.0,373181.0,434886.6666666667,546574.3207142857,212754.8333301399,0,0,0,0,0,1
2016-11-10,339500.0,221.0,454351.29714285716,235.85714285714286,3,11,10,45,411738.0,713682.0,542209.0,507805.8685714286,545962.6166666667,535264.5,618620.5,207022.0,521874.3333333333,543244.5707142857,204534.53868650497,0,0,0,0,0,1
2016-11-11,412804.42,213.0,409752.56,219.28571428571428,4,11,11,45,339500.0,724995.58,340986.94,454351.29714285716,550378.55,411738.0,535264.5,197933.45,428834.1666666667,528765.3564285714,190151.8737533728,0,0,0,0,0,1
2016-11-12,350531.8,185.0,402747.7457142857,215.71428571428572,5,11,12,45,412804.42,399565.5,1037276.42,409752.56,557540.9156666666,339500.0,411738.0,693507.7,388014.13999999996,533895.1764285715,148043.2899669413,1,0,0,0,0,1
2016-11-13,142910.26,91.0,401624.21142857143,215.85714285714286,6,11,13,45,350531.8,150775.0,219027.0,402747.7457142857,546108.3856666667,412804.42,339500.0,483318.2,367612.0733333333,484841.98928571434,149755.77033217996,1,0,0,0,0,1
2016-11-14,246518.5,153.0,348466.78285714285,193.85714285714286,0,11,14,46,142910.26,618620.5,462616.55,401624.21142857143,534761.4543333334,350531.8,412804.42,806258.2,302082.16,479405.0792857143,151974.3194211855,0,0,0,0,0,1
2016-11-15,410956.0,168.0,330708.4257142857,182.14285714285714,1,11,15,46,246518.5,535264.5,733608.0,348466.78285714285,516103.4643333333,142910.26,350531.8,222138.7,246653.52000000002,463969.5042857143,126337.88661027122,0,0,0,0,0,1
2016-11-16,629458.25,210.0,361811.3185714286,177.28571428571428,2,11,16,46,410956.0,411738.0,715059.0,330708.4257142857,522397.37433333334,246518.5,142910.26,707969.9,266794.92,440922.9328571429,102120.49251525548,0,0,0,0,0,0
2016-11-17,206192.0,143.0,342767.3185714286,166.14285714285714,3,11,17,46,629458.25,339500.0,713682.0,361811.3185714286,519780.31933333335,410956.0,246518.5,726138.35,428977.5833333333,434808.5935714286,151924.05226657962,0,0,0,0,0,0
2016-11-18,1441459.49,639.0,489718.0428571428,227.0,4,11,18,46,206192.0,412804.42,724995.58,342767.3185714286,502448.77433333336,629458.25,410956.0,574614.25,415535.4166666667,398559.3078571429,163128.9703306511,0,0,0,0,0,0
2016-11-19,2117765.94,2147.0,742180.0628571428,507.2857142857143,5,11,19,46,1441459.49,350531.8,399565.5,489718.0428571428,531343.6156666667,206192.0,629458.25,536925.51,759036.5800000001,449735.30142857146,449207.45952771656,1,0,0,0,0,0
2016-11-20,1560434.59,1313.0,944683.5385714286,681.8571428571429,6,11,20,46,2117765.94,142910.26,150775.0,742180.0628571428,584038.2966666666,1441459.49,206192.0,564998.75,1255139.1433333333,572463.9042857143,752299.9949671337,1,0,0,0,0,0
2016-11-21,2740952.31,1848.0,1301031.2257142856,924.0,0,11,21,47,1560434.59,246518.5,618620.5,944683.5385714286,617219.4913333334,2117765.94,1441459.49,580360.6,1706553.3399999999,673153.875,754883.4640088575,0,0,0,0,0,0
2016-11-22,4714725.16,1875.0,1915855.3914285714,1167.857142857143,1,11,22,47,2740952.31,410956.0,535264.5,1301031.2257142856,689239.215,1560434.59,2117765.94,391096.7,2139717.6133333333,824749.0042857144,937137.0963921348,0,0,0,0,0,0
2016-11-23,11955271.91,3369.0,3533828.771428571,1619.142857142857,2,11,23,47,4714725.16,629458.25,411738.0,1915855.3914285714,833360.1636666667,2740952.31,1560434.59,909458.1,3005370.686666667,1123281.9085714286,1499131.232354846,0,0,0,0,0,0
2016-11-24,8734899.02,3455.0,4752215.488571429,2092.285714285714,3,11,24,47,11955271.91,206192.0,339500.0,3533828.771428571,1201553.9573333333,4714725.16,2740952.31,713359.6,6470316.460000001,1947820.0450000002,3964310.9558934164,0,0,0,0,0,0
2016-11-25,18908500.84,6291.0,7247507.109999999,2899.714285714286,4,11,25,47,8734899.02,1441459.49,412804.42,4752215.488571429,1468938.6046666666,11955271.91,4714725.16,458354.5,8468298.696666667,2547491.4035714283,4080058.619483705,0,0,0,1,0,0
2016-11-26,4297007.16,2112.0,7558827.284285714,2894.714285714286,5,11,26,47,18908500.84,2117765.94,350531.8,7247507.109999999,2083943.4826666666,8734899.02,11955271.91,542209.0,13199557.256666666,3868612.5764285713,6399677.30654878,1,0,0,1,0,0
2016-11-27,2985154.74,1805.0,7762358.734285713,2965.0,6,11,27,47,4297007.16,1560434.59,142910.26,7558827.284285714,2209103.4213333335,18908500.84,8734899.02,340986.94,10646802.34,4150503.673571429,6156947.045073945,1,0,0,1,0,0
2016-11-28,1610910.03,837.0,7600924.122857143,2820.5714285714284,0,11,28,48,2985154.74,2740952.31,246518.5,7762358.734285713,2297242.3479999998,4297007.16,18908500.84,1037276.42,8730220.913333334,4353521.136428571,5945527.335241,0,0,0,1,0,0
2016-11-29,1423373.25,450.0,7130730.992857142,2617.0,1,11,29,48,1610910.03,4714725.16,410956.0,7600924.122857143,2316363.4683333333,2985154.74,4297007.16,219027.0,2964357.31,4450977.6742857145,6117449.666211928,0,0,0,1,0,0
2016-11-30,1036906.73,444.0,5570964.538571429,2199.1428571428573,2,11,30,48,1423373.25,11955271.91,629458.25,7130730.992857142,2356508.3433333333,1610910.03,2985154.74,462616.55,2006479.34,4523293.192142857,6491321.922239268,0,0,0,1,0,0
2016-12-01,807508.49,336.0,4438480.177142857,1753.5714285714287,3,12,1,48,1036906.73,8734899.02,206192.0,5570964.538571429,2375651.3493333333,1423373.25,1610910.03,733608.0,1357063.3366666667,4552396.655,6450477.516314331,0,0,0,0,1,0
2016-12-02,712157.27,297.0,1839002.5242857144,897.2857142857143,4,12,2,48,807508.49,18908500.84,1441459.49,4438480.177142857,2378114.699,1036906.73,1423373.25,715059.0,1089262.8233333332,4595347.832857143,6498132.391343908,0,0,0,0,1,0
2016-12-03,473465.9,189.0,1292782.3442857142,622.5714285714286,5,12,3,48,712157.27,4297007.16,2117765.94,1839002.5242857144,2378017.9746666667,807508.49,1036906.73,713682.0,852190.8300000001,4543254.817142857,1326483.031896536,1,0,0,0,1,0
2016-12-04,256296.9,137.0,902945.51,384.2857142857143,6,12,4,48,473465.9,2985154.74,1560434.59,1292782.3442857142,2370010.7713333336,712157.27,807508.49,724995.58,664377.2200000001,4425804.814285714,845749.3217313912,1,0,0,0,1,0
2016-12-05,535679.61,185.0,749341.1642857142,291.14285714285717,0,12,5,49,256296.9,1610910.03,2740952.31,902945.51,2354387.4820000003,473465.9,712157.27,399565.5,480640.0233333334,4332652.122142857,489578.0394267683,0,0,0,0,1,0
2016-12-06,990896.11,256.0,687558.7157142857,263.42857142857144,1,12,6,49,535679.61,1423373.25,4714725.16,749341.1642857142,2358924.6190000004,256296.9,473465.9,150775.0,421814.1366666667,4175132.6435714285,388722.3419317736,0,0,0,0,0,0
2016-12-07,727699.05,214.0,643386.1900000001,230.57142857142858,2,12,7,49,990896.11,1036906.73,11955271.91,687558.7157142857,2386928.6560000004,535679.61,256296.9,618620.5,594290.8733333334,3909144.854285714,284001.2902751941,0,0,0,0,0,0
2016-12-08,758905.9,236.0,636442.9628571429,216.28571428571428,3,12,8,49,727699.05,807508.49,8734899.02,643386.1900000001,2390564.6076666666,990896.11,535679.61,535264.5,751424.9233333333,3107175.3642857145,241470.88313886969,0,0,0,0,0,0
2016-12-09,420537.72000000003,230.0,594783.0271428571,206.71428571428572,4,12,9,49,758905.9,712157.27,18908500.84,636442.9628571429,2398019.321,727699.05,990896.11,411738.0,825833.6866666666,2537461.5700000003,236615.13745682992,0,0,0,0,0,0
2016-12-10,533735.47,195.0,603392.9657142857,207.57142857142858,5,12,10,49,420537.72000000003,473465.9,4297007.16,594783.0271428571,2398312.6450000005,758905.9,727699.05,339500.0,635714.2233333334,1216892.7757142857,246527.18089605524,1,0,0,0,0,0
2016-12-11,307374.6,130.0,610689.78,206.57142857142858,6,12,11,49,533735.47,256296.9,2985154.74,603392.9657142857,2404787.160666667,420537.72000000003,758905.9,412804.42,571059.6966666667,948087.655,242605.28543391413,1,0,0,0,0,0
2016-12-12,260994.05,115.0,571448.9857142858,196.57142857142858,0,12,12,50,307374.6,535679.61,1610910.03,610689.78,2401272.8333333335,533735.47,420537.72000000003,350531.8,420549.26333333337,756817.6449999999,230912.1177120584,0,0,0,0,0,0
2016-12-13,823304.44,229.0,547507.3185714285,192.71428571428572,1,12,13,50,260994.05,990896.11,1423373.25,571448.9857142858,2398288.2416666667,307374.6,533735.47,142910.26,367368.04,660395.0750000001,266396.9891788049,0,0,0,0,0,0
2016-12-14,639113.2,215.0,534852.1971428571,192.85714285714286,2,12,14,50,823304.44,727699.05,1036906.73,547507.3185714285,2420968.0476666666,260994.05,307374.6,246518.5,463891.02999999997,617533.0171428572,227041.47597008452,0,0,0,0,0,0
2016-12-15,528216.2,232.0,501896.5257142857,192.28571428571428,3,12,15,50,639113.2,758905.9,807508.49,534852.1971428571,2434054.5376666663,823304.44,260994.05,410956.0,574470.5633333332,589119.1935714285,217596.14871458657,0,0,0,0,0,0
2016-12-16,897180.3,255.0,569988.3228571428,195.85714285714286,4,12,16,50,528216.2,420537.72000000003,712157.27,501896.5257142857,2437963.211,639113.2,823304.44,629458.25,663544.6133333333,569169.7442857142,194220.64100375253,0,0,0,0,0,0
2016-12-17,406302.7,227.0,551783.6414285714,200.42857142857142,5,12,17,50,897180.3,533735.47,473465.9,569988.3228571428,2446887.279333333,528216.2,639113.2,206192.0,688169.9,582385.675,239271.29004219806,1,0,0,0,0,0
2016-12-18,263122.8,116.0,545461.9557142856,198.42857142857142,6,12,18,50,406302.7,307374.6,256296.9,551783.6414285714,2453557.636,897180.3,528216.2,1441459.49,610566.4,577588.3035714285,247205.49556970655,1,0,0,0,0,0
2016-12-19,677207.4,223.0,604921.0057142858,213.85714285714286,0,12,19,51,263122.8,260994.05,535679.61,545461.9557142856,2414279.746333333,406302.7,897180.3,2117765.94,522201.93333333335,578075.8678571428,254942.11699570544,0,0,0,0,0,0
2016-12-20,535040.4,207.0,563740.4285714285,210.71428571428572,1,12,20,51,677207.4,823304.44,990896.11,604921.0057142858,2366261.1283333334,263122.8,406302.7,1560434.59,448877.6333333333,588184.9957142858,224224.63454824392,0,0,0,0,0,0
2016-12-21,526599.13,177.0,547666.99,205.28571428571428,2,12,21,51,535040.4,639113.2,727699.05,563740.4285714285,2332081.3219999997,677207.4,263122.8,2740952.31,491790.2,555623.8735714286,202887.98862820966,0,0,0,0,0,0
2016-12-22,708811.1,239.0,573466.2614285714,206.28571428571428,3,12,22,51,526599.13,528216.2,758905.9,547666.99,2258269.5493333335,535040.4,677207.4,4714725.16,579615.6433333334,541259.5935714286,200362.64995077698,0,0,0,0,0,0
2016-12-23,408924.45,220.0,503715.42571428575,201.28571428571428,4,12,23,51,708811.1,897180.3,420537.72000000003,573466.2614285714,2124739.080666667,526599.13,535040.4,11955271.91,590150.2100000001,537681.3935714286,208886.34193588674,0,0,0,0,0,0
2016-12-24,853553.9,217.0,567608.4542857143,199.85714285714286,5,12,24,51,408924.45,406302.7,533735.47,503715.42571428575,1739860.832,708811.1,526599.13,8734899.02,548111.5599999999,536851.8742857144,158128.638795666,1,0,0,0,0,0
2016-12-25,200711.6,109.0,558692.5685714285,198.85714285714286,6,12,25,51,853553.9,263122.8,307374.6,567608.4542857143,1477149.328,408924.45,708811.1,18908500.84,657096.4833333333,559696.0478571429,197631.5948524272,1,0,0,1,0,0
2016-12-26,555392.3,158.0,541290.4114285714,189.57142857142858,0,12,26,52,200711.6,677207.4,260994.05,558692.5685714285,853556.3533333334,853553.9,408924.45,4297007.16,487729.9833333334,552077.2621428572,214357.49757354168,0,0,0,1,0,0
2016-12-27,453267.2,181.0,529608.5257142858,185.85714285714286,1,12,27,52,555392.3,535040.4,823304.44,541290.4114285714,728835.8580000001,200711.6,853553.9,2985154.74,536552.6000000001,573105.7085714285,207982.41175136023,0,0,0,1,0,0
2016-12-28,724947.22,241.0,557943.9671428573,195.0,2,12,28,52,453267.2,526599.13,639113.2,529608.5257142858,644439.6066666667,555392.3,200711.6,1610910.03,403123.7,546674.4771428572,210671.09417206267,0,0,0,1,0,0
2016-12-29,591493.55,207.0,541184.3171428571,190.42857142857142,3,12,29,52,724947.22,708811.1,528216.2,557943.9671428573,614907.513,453267.2,555392.3,1423373.25,577868.9066666667,552805.4785714286,223167.2496335213,0,0,0,1,0,0
2016-12-30,1336740.95,179.0,673729.5314285714,184.57142857142858,4,12,30,52,591493.55,408924.45,897180.3,541184.3171428571,587178.1896666667,724947.22,453267.2,1036906.73,589902.6566666667,557325.2892857144,214172.9089273582,0,0,0,1,0,0
2016-12-31,1502782.19,206.0,766476.4299999999,183.0,5,12,31,52,1336740.95,853553.9,406302.7,673729.5314285714,597172.6636666667,591493.55,724947.22,807508.49,884393.9066666666,588722.4785714286,357691.73327658896,1,0,0,1,0,0
2017-01-01,388246.5,127.0,793267.13,185.57142857142858,6,1,1,52,1502782.19,200711.6,263122.8,766476.4299999999,620348.4536666668,1336740.95,591493.55,712157.27,1143672.23,667042.4421428571,476521.7471631225,1,0,0,0,1,0
2017-01-02,557814.8,231.0,793613.2014285715,196.0,0,1,2,1,388246.5,555392.3,677207.4,793267.13,609551.428,1502782.19,1336740.95,473465.9,1075923.2133333331,675979.8492857142,443542.87634790066,0,0,0,0,1,0
2017-01-03,976569.4,242.0,868370.6585714286,204.71428571428572,1,1,3,1,557814.8,453267.2,535040.4,793613.2014285715,612363.0580000001,388246.5,1502782.19,256296.9,816281.1633333334,667451.8064285715,443327.23533726163,0,0,0,0,1,0
2017-01-04,1820665.25,312.0,1024901.8057142857,214.85714285714286,2,1,4,1,976569.4,724947.22,526599.13,868370.6585714286,636372.1413333334,557814.8,388246.5,535679.61,640876.9,698989.5921428573,419871.2210644086,0,0,0,0,1,0
2017-01-05,939435.0,239.0,1074607.7271428572,219.42857142857142,3,1,5,1,1820665.25,591493.55,708811.1,1024901.8057142857,679204.9959999999,976569.4,557814.8,990896.11,1118349.8166666667,791422.8864285714,543527.3313612584,0,0,0,0,1,0
2017-01-06,817700.98,223.0,1000459.1599999999,225.71428571428572,4,1,6,1,939435.0,1336740.95,408924.45,1074607.7271428572,677489.6256666667,1820665.25,976569.4,727699.05,1245556.55,807896.0221428572,512298.55683354643,0,0,0,0,0,0
2017-01-07,857516.0,176.0,908278.2757142857,221.42857142857142,5,1,7,1,817700.98,1502782.19,853553.9,1000459.1599999999,680489.69,939435.0,1820665.25,758905.9,1192600.41,837094.3457142857,505552.51097835,1,0,0,0,0,0
2017-01-08,490225.4,150.0,922846.6900000001,224.71428571428572,6,1,8,1,857516.0,388246.5,200711.6,908278.2757142857,683776.6933333334,817700.98,939435.0,420537.72000000003,871550.66,837377.3528571429,454995.0843448057,1,0,0,0,0,0
2017-01-09,1107515.4,387.0,1001375.3471428572,247.0,0,1,9,2,490225.4,557814.8,555392.3,922846.6900000001,686099.616,857516.0,817700.98,533735.47,721814.1266666666,858056.91,436839.5298322658,0,0,0,0,0,0
2017-01-10,789414.4,270.0,974638.9185714285,251.0,1,1,10,2,1107515.4,976569.4,453267.2,1001375.3471428572,705225.6136666666,490225.4,857516.0,307374.6,818418.9333333332,897494.2742857143,408790.82889499,0,0,0,0,0,0
2017-01-11,1921364.6,235.0,989024.5399999999,240.0,2,1,11,2,789414.4,1820665.25,724947.22,974638.9185714285,721293.6070000001,1107515.4,490225.4,260994.05,795718.3999999999,921504.7885714286,416726.9094868316,0,0,0,0,0,0
2017-01-12,712828.9,163.0,956652.24,229.14285714285714,3,1,12,2,1921364.6,939435.0,591493.55,989024.5399999999,776639.2919999999,789414.4,1107515.4,823304.44,1272764.8,1006963.1728571429,451118.6544250078,0,0,0,0,0,0
2017-01-13,416957.4,152.0,899403.1571428571,219.0,4,1,13,2,712828.9,817700.98,1336740.95,956652.24,772956.774,1921364.6,789414.4,639113.2,1141202.6333333333,1015629.9835714286,463238.13002384757,0,0,0,0,0,0
2017-01-14,550559.01,145.0,855552.1585714285,214.57142857142858,5,1,14,2,416957.4,857516.0,1502782.19,899403.1571428571,765551.5806666666,712828.9,1921364.6,528216.2,1017050.3000000002,949931.1585714286,506056.36311566096,1,0,0,0,0,0
2017-01-15,372036.5,106.0,838668.03,208.28571428571428,6,1,15,2,550559.01,490225.4,388246.5,855552.1585714285,766296.341,416957.4,712828.9,897180.3,560115.1033333334,881915.2171428573,523296.53646083496,1,0,0,0,0,0
2017-01-16,953004.2,136.0,816595.0014285715,172.42857142857142,0,1,16,3,372036.5,1107515.4,557814.8,838668.03,748791.5476666667,550559.01,416957.4,406302.7,446517.6366666667,880757.3600000001,538727.4860575887,0,0,0,0,0,0
2017-01-17,385361.0,127.0,758873.0871428571,152.0,1,1,17,3,953004.2,789414.4,976569.4,816595.0014285715,767014.931,372036.5,550559.01,263122.8,625199.9033333333,908985.1742857143,528952.919563062,0,0,0,0,0,0
2017-01-18,900685.0,427.0,613061.7157142857,179.42857142857142,2,1,18,3,385361.0,1921364.6,1820665.25,758873.0871428571,771089.5376666667,953004.2,372036.5,677207.4,570133.9,866756.0028571428,553872.4868081327,0,0,0,0,0,0
2017-01-19,437179.35,138.0,573683.2085714285,175.85714285714286,3,1,19,3,900685.0,712828.9,939435.0,613061.7157142857,778538.791,385361.0,953004.2,535040.4,746350.0666666668,801043.1278571428,245134.5884598572,0,0,0,0,0,0
2017-01-20,385190.0,143.0,569145.0085714285,174.57142857142858,4,1,20,3,437179.35,416957.4,817700.98,573683.2085714285,775276.7559999999,900685.0,385361.0,526599.13,574408.4500000001,765167.7242857142,248553.22920575648,0,0,0,0,0,0
2017-01-21,407608.5,148.0,548723.5071428571,175.0,5,1,21,3,385190.0,550559.01,857516.0,569145.0085714285,770563.1183333334,437179.35,900685.0,708811.1,574351.4500000001,734274.0828571429,252155.63655612912,1,0,0,0,0,0
2017-01-22,401131.0,116.0,552879.8642857142,176.42857142857142,6,1,22,3,407608.5,372036.5,490225.4,548723.5071428571,760523.0316666667,385190.0,437179.35,408924.45,409992.6166666667,702137.8328571429,259590.74537193173,1,0,0,0,0,0
2017-01-23,859036.0,145.0,539455.8357142856,177.71428571428572,0,1,23,4,401131.0,953004.2,1107515.4,552879.8642857142,760263.25,407608.5,385190.0,853553.9,397976.5,695773.9471428571,256504.85799014018,0,0,0,0,0,0
2017-01-24,893982.4,148.0,612116.0357142857,180.71428571428572,1,1,24,4,859036.0,385361.0,789414.4,539455.8357142856,760445.9866666667,401131.0,407608.5,200711.6,555925.1666666666,678025.4185714285,233502.00450187153,0,0,0,0,0,0
2017-01-25,942820.0,130.0,618135.3214285715,138.28571428571428,2,1,25,4,893982.4,900685.0,1921364.6,612116.0357142857,783555.0133333333,859036.0,401131.0,555392.3,718049.7999999999,685494.5614285714,255645.08287222823,0,0,0,1,0,0
2017-01-26,611623.9,133.0,643055.9714285714,137.57142857142858,3,1,26,4,942820.0,437179.35,712828.9,618135.3214285715,796469.2699999999,893982.4,859036.0,453267.2,898612.7999999999,615598.5185714286,263933.6698939957,0,0,0,1,0,0
2017-01-27,825967.5,169.0,706024.1857142857,141.28571428571428,4,1,27,4,611623.9,385190.0,416957.4,643055.9714285714,801747.8266666665,942820.0,893982.4,724947.22,816142.1,608369.59,251964.26865089446,0,0,0,1,0,0
2017-01-28,652174.75,179.0,740962.2214285714,145.71428571428572,5,1,28,4,825967.5,407608.5,550559.01,706024.1857142857,805115.1693333333,611623.9,942820.0,591493.55,793470.4666666668,637584.5971428572,230984.39776021443,1,0,0,1,0,0
2017-01-29,353202.9,110.0,734115.35,144.85714285714286,6,1,29,4,652174.75,401131.0,372036.5,740962.2214285714,807137.8759999999,825967.5,611623.9,1336740.95,696588.7166666667,644842.8642857142,193832.3708436853,1,0,0,1,0,0
2017-01-30,619374.99,127.0,699878.0628571429,142.28571428571428,0,1,30,5,353202.9,859036.0,953004.2,734115.35,774353.2743333334,652174.75,825967.5,1502782.19,610448.3833333333,643497.6071428572,208154.51099279572,0,0,0,1,0,0
2017-01-31,1454669.4,167.0,779976.2057142856,145.0,1,1,31,5,619374.99,893982.4,385361.0,699878.0628571429,744906.3676666666,353202.9,652174.75,388246.5,541584.2133333334,619666.9492857143,203848.2447312584,0,0,0,1,0,0
2017-02-01,790940.5,170.0,758279.1342857142,150.71428571428572,2,2,1,5,1454669.4,942820.0,900685.0,779976.2057142856,780453.7976666667,619374.99,353202.9,557814.8,809082.43,696046.1207142856,350344.62147628766,0,0,0,0,1,0
2017-02-02,871560.5,174.0,795412.9342857143,156.57142857142858,3,2,2,5,790940.5,611623.9,437179.35,758279.1342857142,788224.6543333334,1454669.4,619374.99,976569.4,954994.9633333334,688207.2278571428,343209.0948765685,0,0,0,0,1,0
2017-02-03,1011149.5,145.0,821867.5057142858,153.14285714285714,4,2,3,5,871560.5,825967.5,385190.0,795412.9342857143,784724.3576666667,790940.5,1454669.4,1820665.25,1039056.7999999999,719234.4528571429,338729.8267532143,0,0,0,0,1,0
2017-02-04,670164.0,114.0,824437.3985714286,143.85714285714286,5,2,4,5,1011149.5,652174.75,407608.5,821867.5057142858,757740.4993333333,871560.5,790940.5,939435.0,891216.8333333334,763945.8457142857,348601.2877791032,1,0,0,0,1,0
2017-02-05,630239.0,96.0,864013.9842857142,141.85714285714286,6,2,5,5,670164.0,353202.9,401131.0,824437.3985714286,748764.7993333334,1011149.5,871560.5,817700.98,850958.0,782699.8099999999,347205.3280376782,1,0,0,0,1,0
2017-02-06,767636.79,191.0,885194.2414285714,151.0,0,2,6,6,630239.0,619374.99,859036.0,864013.9842857142,742516.0666666667,670164.0,1011149.5,857516.0,770517.5,799064.6671428571,296646.8611308598,0,0,0,0,0,0
2017-02-07,1025065.52,193.0,823822.2585714286,154.71428571428572,1,2,7,6,767636.79,1454669.4,893982.4,885194.2414285714,739520.093,630239.0,670164.0,490225.4,689346.5966666667,792536.1521428572,281157.21115820215,0,0,0,0,0,0
2017-02-08,453407.83,151.0,775603.3057142858,152.0,2,2,8,6,1025065.52,790940.5,942820.0,823822.2585714286,757348.097,767636.79,630239.0,1107515.4,807647.1033333334,801899.2321428572,154484.43324926458,0,0,0,0,0,0
2017-02-09,610391.01,206.0,738293.3785714286,156.57142857142858,3,2,9,6,453407.83,871560.5,611623.9,775603.3057142858,735544.5113333333,1025065.52,767636.79,789414.4,748703.38,766941.22,209381.15469272484,0,0,0,0,0,0
2017-02-10,820539.26,219.0,711063.3442857143,167.14285714285714,4,2,10,6,610391.01,1011149.5,825967.5,738293.3785714286,729577.065,453407.83,1025065.52,1921364.6,696288.12,766853.1564285714,212675.77534787334,0,0,0,0,0,0
2017-02-11,688942.03,204.0,713745.92,180.0,5,2,11,6,820539.26,670164.0,652174.75,711063.3442857143,692882.8870000001,610391.01,453407.83,712828.9,628112.7000000001,766465.4249999999,181892.6016268145,1,0,0,0,0,0
2017-02-12,554021.0,139.0,702857.6342857144,186.14285714285714,6,2,12,6,688942.03,630239.0,353202.9,713745.92,692086.6579999999,820539.26,610391.01,416957.4,706624.1,769091.6592857143,181326.47069807173,1,0,0,0,0,0
2017-02-13,1046834.65,246.0,742743.042857143,194.0,0,2,13,7,554021.0,767636.79,619374.99,702857.6342857144,696655.4446666667,688942.03,820539.26,550559.01,687834.0966666667,783435.8092857143,189290.11898646515,0,0,0,0,0,0
2017-02-14,591343.67,177.0,680782.7785714286,191.71428571428572,1,2,14,7,1046834.65,1025065.52,1454669.4,742743.042857143,713197.966,554021.0,688942.03,372036.5,763265.8933333334,813968.6421428572,230207.30602428096,0,0,0,0,0,0
2017-02-15,802477.75,192.0,730649.91,197.57142857142858,2,2,15,7,591343.67,453407.83,790940.5,680782.7785714286,720508.205,1046834.65,554021.0,953004.2,730733.1066666668,752302.5185714287,197616.9236303372,0,0,0,0,0,0
2017-02-16,663840.5,159.0,738285.5514285715,190.85714285714286,3,2,16,7,802477.75,610391.01,871560.5,730649.91,715490.6566666666,591343.67,1046834.65,385361.0,813552.0233333334,753126.6078571429,173213.6803130025,0,0,0,0,0,0
2017-02-17,481877.5,175.0,689905.3,184.57142857142858,4,2,17,7,663840.5,820539.26,1011149.5,738285.5514285715,724773.3066666666,802477.75,591343.67,900685.0,685887.3066666668,738289.4650000001,168132.4117972737,0,0,0,0,0,0
2017-02-18,535243.0,158.0,667948.2957142858,178.0,5,2,18,7,481877.5,688942.03,670164.0,689905.3,710813.0566666666,663840.5,802477.75,437179.35,649398.5833333334,700484.3221428572,188062.8984082232,1,0,0,0,0,0
2017-02-19,392457.0,92.0,644867.7242857143,171.28571428571428,6,2,19,7,535243.0,554021.0,630239.0,667948.2957142858,714081.845,481877.5,663840.5,385190.0,560320.3333333334,690847.1078571429,196956.2774822488,1,0,0,0,0,0
2017-02-20,474261.41,149.0,563071.5471428571,157.42857142857142,0,2,20,8,392457.0,1046834.65,767636.79,644867.7242857143,714324.0783333333,535243.0,481877.5,407608.5,469859.1666666667,673862.6792857144,220581.68830815947,0,0,0,0,0,0
2017-02-21,431653.44,174.0,540258.6571428572,157.0,1,2,21,8,474261.41,591343.67,1025065.52,563071.5471428571,716545.842,392457.0,535243.0,401131.0,467320.47,652907.295,137011.2466435584,0,0,0,0,0,0
2017-02-22,546772.65,189.0,503729.35714285716,156.57142857142858,2,2,22,8,431653.44,802477.75,453407.83,540258.6571428572,717563.2566666666,474261.41,392457.0,859036.0,432790.6166666667,610520.7178571429,144603.42350951323,0,0,0,0,0,0
2017-02-23,698712.01,191.0,508711.0014285714,161.14285714285714,3,2,23,8,546772.65,663840.5,610391.01,503729.35714285716,707154.4783333333,431653.44,474261.41,893982.4,484229.1666666667,617189.6335714286,88885.46157717114,0,0,0,0,0,0
2017-02-24,858471.5,208.0,562510.1442857143,165.85714285714286,4,2,24,8,698712.01,481877.5,820539.26,508711.0014285714,700645.4653333334,546772.65,431653.44,942820.0,559046.0333333333,623498.2764285716,99676.72000721755,0,0,0,0,0,0
2017-02-25,863946.65,192.0,609467.8085714286,170.71428571428572,5,2,25,8,858471.5,535243.0,688942.03,562510.1442857143,697833.8486666667,698712.01,546772.65,611623.9,701318.7200000001,626207.7221428572,163790.8352265457,1,0,0,1,0,0
2017-02-26,460011.5,131.0,619118.4514285715,176.28571428571428,6,2,26,8,863946.65,392457.0,554021.0,609467.8085714286,706244.6070000001,858471.5,698712.01,825967.5,807043.3866666667,638708.0521428572,198179.1867640694,1,0,0,1,0,0
2017-02-27,775235.35,181.0,662114.7285714286,180.85714285714286,0,2,27,9,460011.5,474261.41,1046834.65,619118.4514285715,694046.0736666668,863946.65,858471.5,652174.75,727476.5499999999,631993.0878571429,187190.4080434711,0,0,0,1,0,0
2017-02-28,979698.5,215.0,740406.88,186.71428571428572,1,2,28,9,775235.35,431653.44,591343.67,662114.7285714286,698148.0936666668,460011.5,863946.65,353202.9,699731.1666666666,612593.1378571428,182888.69921894732,0,0,0,1,0,0
2017-03-01,756450.65,233.0,770360.88,193.0,2,3,1,9,979698.5,546772.65,802477.75,740406.88,719031.2803333333,775235.35,460011.5,619374.99,738315.1166666667,640332.7685714286,185080.64788517696,0,0,0,0,1,0
2017-03-02,645130.65,212.0,762706.4000000001,196.0,3,3,2,9,756450.65,698712.01,663840.5,770360.88,723600.469,979698.5,775235.35,1454669.4,837128.1666666666,637045.1185714286,164322.63490143436,0,0,0,0,1,0
2017-03-03,683493.5,229.0,737709.542857143,199.0,4,3,3,9,645130.65,858471.5,481877.5,762706.4000000001,696615.844,756450.65,979698.5,790940.5,793759.9333333332,635708.7007142857,169386.38401141926,0,0,0,0,1,0
2017-03-04,457314.55,172.0,679619.2428571429,196.14285714285714,5,3,4,9,683493.5,863946.65,535243.0,737709.542857143,693034.2773333334,645130.65,756450.65,871560.5,695024.9333333333,650109.8435714286,165771.08292765336,1,0,0,0,1,0
2017-03-05,839473.0,160.0,733828.0285714286,200.28571428571428,6,3,5,9,457314.55,460011.5,392457.0,679619.2428571429,679226.0789999999,683493.5,645130.65,1011149.5,595312.9,644543.5257142857,184365.79388585655,1,0,0,0,1,0
2017-03-06,1707035.65,301.0,866942.3571428572,217.42857142857142,0,3,6,10,839473.0,775235.35,474261.41,733828.0285714286,673503.5289999999,457314.55,683493.5,670164.0,660093.6833333333,676473.24,163656.1392781263,0,0,0,0,0,0
2017-03-07,1928830.78,283.0,1002532.6828571428,227.14285714285714,1,3,7,10,1707035.65,979698.5,431653.44,866942.3571428572,708065.9173333333,839473.0,457314.55,630239.0,1001274.4,764528.5428571429,404574.3706625806,0,0,0,0,0,0
2017-03-08,1803336.99,322.0,1152087.8742857142,239.85714285714286,2,3,8,10,1928830.78,756450.65,546772.65,1002532.6828571428,751352.31,1707035.65,839473.0,767636.79,1491779.8099999998,871469.7814285716,572753.9390577486,0,0,0,0,0,0
2017-03-09,851025.51,242.0,1181501.4257142856,244.14285714285714,3,3,9,10,1803336.99,645130.65,698712.01,1152087.8742857142,785875.65,1928830.78,1707035.65,1025065.52,1813067.8066666666,961224.3771428572,631459.4646132338,0,0,0,0,0,0
2017-03-10,507075.49,182.0,1156298.852857143,237.42857142857142,4,3,10,10,851025.51,683493.5,858471.5,1181501.4257142856,780074.3163333334,1803336.99,1928830.78,453407.83,1527731.093333333,972103.912857143,608279.4250422155,0,0,0,0,0,0
2017-03-11,547674.74,204.0,1169207.4514285715,242.0,5,3,11,10,507075.49,457314.55,863946.65,1156298.852857143,781863.2383333333,851025.51,1803336.99,610391.01,1053812.6633333333,947004.1978571428,635402.1580224655,1,0,0,0,0,0
2017-03-12,385150.0,159.0,1104304.1657142858,241.85714285714286,6,3,12,10,547674.74,839473.0,460011.5,1169207.4514285715,779772.696,507075.49,851025.51,820539.26,635258.58,924413.3471428572,619555.384423452,1,0,0,0,0,0
2017-03-13,668557.5,237.0,955950.1442857143,232.71428571428572,0,3,13,11,385150.0,1707035.65,775235.35,1104304.1657142858,765259.7206666666,547674.74,507075.49,688942.03,479966.74333333335,919066.0971428572,680640.319774297,0,0,0,0,0,0
2017-03-14,731242.0,229.0,784866.032857143,225.0,1,3,14,11,668557.5,1928830.78,979698.5,955950.1442857143,764580.2363333333,385150.0,547674.74,554021.0,533794.08,911446.2507142856,639290.6191277434,0,0,0,0,0,0
2017-03-15,499629.5,204.0,598622.1057142857,208.14285714285714,2,3,15,11,731242.0,1803336.99,756450.65,784866.032857143,770487.603,668557.5,385150.0,1046834.65,594983.1666666666,893699.3578571428,474563.58560712996,0,0,0,0,0,0
2017-03-16,447148.44,224.0,540925.3814285715,205.57142857142858,3,3,16,11,499629.5,851025.51,645130.65,598622.1057142857,752247.4313333333,731242.0,668557.5,591343.67,633143.0,875354.99,159443.1806085884,0,0,0,0,0,0
2017-03-17,559386.0,199.0,548398.3114285714,208.0,4,3,17,11,447148.44,507075.49,683493.5,540925.3814285715,747440.9236666667,499629.5,731242.0,802477.75,559339.98,861213.4035714286,121427.05355637197,0,0,0,0,0,0
2017-03-18,502099.0,201.0,541887.4914285714,207.57142857142858,5,3,18,11,559386.0,547674.74,457314.55,548398.3114285714,739337.8653333334,447148.44,499629.5,663840.5,502054.64666666667,852348.5821428571,120603.51191757187,1,0,0,0,0,0
2017-03-19,354757.5,131.0,537545.7057142856,203.57142857142858,6,3,19,11,502099.0,385150.0,839473.0,541887.4914285714,733946.4820000001,559386.0,447148.44,481877.5,502877.8133333333,855547.4714285715,121872.61776458262,1,0,0,0,0,0
2017-03-20,715615.4,243.0,544268.2628571428,204.42857142857142,0,3,20,12,354757.5,668557.5,1707035.65,537545.7057142856,729709.1486666667,502099.0,559386.0,535243.0,472080.8333333333,820924.9357142858,128735.28687139794,0,0,1,0,0,0
2017-03-21,647306.0,224.0,532277.4057142857,203.71428571428572,1,3,21,12,715615.4,731242.0,1928830.78,544268.2628571428,735721.562,354757.5,502099.0,392457.0,524157.3,750109.2035714285,137637.82236630985,0,0,1,0,0,0
2017-03-22,2184206.78,369.0,772931.3028571428,227.28571428571428,2,3,22,12,647306.0,499629.5,1803336.99,532277.4057142857,744216.5286666666,715615.4,354757.5,474261.41,572559.6333333333,658571.7192857142,121323.36487231885,0,0,1,0,0,0
2017-03-23,1945175.5,537.0,986935.1685714285,272.0,3,3,23,12,2184206.78,447148.44,851025.51,772931.3028571428,801214.7076666667,647306.0,715615.4,431653.44,1182376.0599999998,685776.7042857142,633866.5524111777,0,1,1,0,0,0
2017-03-24,2352792.1,417.0,1243136.0400000003,303.14285714285717,4,3,24,12,1945175.5,559386.0,507075.49,986935.1685714285,851665.443,2184206.78,647306.0,546772.65,1592229.4266666665,763930.275,748126.4643330573,0,0,1,0,0,0
2017-03-25,1360119.71,303.0,1365710.427142857,317.7142857142857,5,3,25,12,2352792.1,502099.0,547674.74,1243136.0400000003,911866.0913333334,1945175.5,2184206.78,698712.01,2160724.7933333335,895767.1757142858,873828.1581402719,1,0,1,1,0,0
2017-03-26,935016.14,250.0,1448604.5185714287,334.7142857142857,6,3,26,12,1360119.71,354757.5,385150.0,1365710.427142857,933913.0146666666,2352792.1,1945175.5,858471.5,1886029.1033333333,953798.9592857143,810435.2556356671,1,0,0,1,0,0
2017-03-27,1431293.25,199.0,1550844.2114285715,328.42857142857144,0,3,27,13,935016.14,715615.4,668557.5,1448604.5185714287,936464.5026666666,1360119.71,2352792.1,863946.65,1549309.3166666667,993075.1121428572,713699.6983776273,0,0,0,1,0,0
2017-03-28,834581.5,194.0,1577597.8542857144,324.14285714285717,1,3,28,13,1431293.25,647306.0,731242.0,1550844.2114285715,955376.056,935016.14,1360119.71,460011.5,1242143.0333333334,1047556.2371428572,638495.5631916674,0,0,0,1,0,0
2017-03-29,696303.86,162.0,1365040.2942857144,294.57142857142856,2,3,29,13,834581.5,2184206.78,499629.5,1577597.8542857144,967861.7226666666,1431293.25,935016.14,775235.35,1066963.6300000001,1054937.6300000001,596894.7667890938,0,0,0,1,0,0
2017-03-30,693445.25,144.0,1186221.6871428571,238.42857142857142,3,3,30,13,696303.86,1945175.5,447148.44,1365040.2942857144,965230.6730000001,834581.5,1431293.25,979698.5,987392.87,1068985.7985714285,609663.8250075472,0,0,0,1,0,0
2017-03-31,889470.49,163.0,977175.7428571429,202.14285714285714,4,3,31,13,693445.25,2352792.1,559386.0,1186221.6871428571,955688.898,696303.86,834581.5,756450.65,741443.5366666666,1086578.4278571429,594529.2625141053,0,0,0,1,0,0
2017-04-01,448015.26,189.0,846875.1071428572,185.85714285714286,5,4,1,13,889470.49,1360119.71,502099.0,977175.7428571429,960122.8926666667,693445.25,696303.86,645130.65,759739.8666666667,1110155.8914285714,300572.6648164835,1,0,0,0,1,0
2017-04-02,744102.98,101.0,819601.7985714286,164.57142857142858,6,4,2,13,448015.26,935016.14,354757.5,846875.1071428572,953552.3796666667,889470.49,693445.25,683493.5,676977.0,1106292.7671428572,304570.8746151328,1,0,0,0,1,0
2017-04-03,645198.0,166.0,707302.4771428572,159.85714285714286,0,4,3,14,744102.98,1431293.25,715615.4,819601.7985714286,955572.6956666666,448015.26,889470.49,457314.55,693862.91,1134103.1585714286,303909.78401061706,0,0,0,0,1,0
2017-04-04,816206.31,176.0,704677.4500000001,157.28571428571428,1,4,4,14,645198.0,834581.5,647306.0,707302.4771428572,961835.4773333333,744102.98,448015.26,839473.0,612438.7466666666,1129073.3442857142,142676.34174149187,0,0,0,0,1,0
2017-04-05,530949.76,162.0,681055.4357142857,157.28571428571428,2,4,5,14,816206.31,696303.86,2184206.78,704677.4500000001,961059.9210000001,645198.0,744102.98,1707035.65,735169.0966666667,1141137.6521428572,140089.9060933205,0,0,0,0,1,0
2017-04-06,484210.01,185.0,651164.6871428572,163.14285714285714,3,4,6,14,530949.76,693445.25,1945175.5,681055.4357142857,921857.058,816206.31,645198.0,1928830.78,664118.0233333334,1023047.8650000001,154895.81825981147,0,0,0,0,0,0
2017-04-07,751968.0,152.0,631521.4742857143,161.57142857142858,4,4,7,14,484210.01,889470.49,2352792.1,651164.6871428572,873703.0323333333,530949.76,816206.31,1803336.99,610455.36,918693.1871428572,171414.07140884578,0,0,0,0,0,0
2017-04-08,515364.15,193.0,641142.7442857142,162.14285714285714,5,4,8,14,751968.0,448015.26,1360119.71,631521.4742857143,838657.3993333334,484210.01,530949.76,851025.51,589042.59,804348.6085714286,145468.99142077906,1,0,0,0,0,0
2017-04-09,456582.0,119.0,600068.3185714287,164.71428571428572,6,4,9,14,515364.15,744102.98,935016.14,641142.7442857142,827468.6873333332,751968.0,484210.01,507075.49,583847.3866666667,744008.9257142858,133002.1154209735,1,0,0,0,0,0
2017-04-10,942381.0,165.0,642523.032857143,164.57142857142858,0,4,10,15,456582.0,645198.0,1431293.25,600068.3185714287,825785.571,515364.15,751968.0,547674.74,574638.0499999999,709835.0585714286,140112.73752314097,0,0,0,0,0,0
2017-04-11,645161.0,160.0,618087.9885714286,162.28571428571428,1,4,11,15,942381.0,816206.31,834581.5,642523.032857143,838942.4463333334,456582.0,515364.15,385150.0,638109.0499999999,674912.755,191621.9975467211,0,0,0,0,0,0
2017-04-12,771449.15,151.0,652445.0442857143,160.71428571428572,2,4,12,15,645161.0,530949.76,696303.86,618087.9885714286,847609.4796666667,942381.0,456582.0,668557.5,681374.6666666666,661382.7192857143,176056.58089073928,0,0,0,0,0,0
2017-04-13,596009.6,161.0,668416.4142857144,157.28571428571428,3,4,13,15,771449.15,484210.01,693445.25,652445.0442857143,851039.2013333334,645161.0,942381.0,731242.0,786330.3833333334,666750.24,179647.4520017359,0,0,0,0,0,0
2017-04-14,795888.64,163.0,674690.7914285715,158.85714285714286,4,4,14,15,596009.6,751968.0,889470.49,668416.4142857144,846531.4546666667,771449.15,645161.0,499629.5,670873.25,659790.5507142858,166701.12080065525,0,0,0,0,0,0
2017-04-15,3419434.31,1389.0,1089557.9571428571,329.7142857142857,5,4,15,15,795888.64,515364.15,448015.26,674690.7914285715,856406.7593333333,596009.6,771449.15,447148.44,721115.7966666667,653106.1328571428,171137.52182121173,1,0,0,0,0,0
2017-04-16,549308.0,134.0,1102804.5285714285,331.85714285714283,6,4,16,15,3419434.31,456582.0,744102.98,1089557.9571428571,955482.955,795888.64,596009.6,559386.0,1603777.5166666666,865350.3507142857,1039162.8807207394,1,0,0,0,0,0
2017-04-17,1252108.25,196.0,1147051.2785714285,336.2857142857143,0,4,17,16,549308.0,942381.0,645198.0,1102804.5285714285,955147.0216666666,3419434.31,795888.64,502099.0,1588210.3166666671,851436.4235714285,1030302.553322454,0,0,0,0,0,0
2017-04-18,626640.75,149.0,1144405.5285714285,334.7142857142857,1,4,18,16,1252108.25,645161.0,816206.31,1147051.2785714285,980147.33,549308.0,3419434.31,354757.5,1740283.5200000003,894787.1557142857,1028914.6042319534,0,0,0,0,0,0
2017-04-19,832130.0,181.0,1153074.2214285715,339.0,2,4,19,16,626640.75,771449.15,530949.76,1144405.5285714285,989210.105,1252108.25,549308.0,715615.4,809352.3333333335,881246.7585714285,1030442.9341617154,0,0,0,0,0,0
2017-04-20,2101231.8,219.0,1368105.9642857143,347.2857142857143,3,4,20,16,832130.0,596009.6,484210.01,1153074.2214285715,993093.925,626640.75,1252108.25,647306.0,903626.3333333335,902759.6328571428,1027032.0804109385,0,0,0,0,0,0
2017-04-21,863078.0,170.0,1377704.4442857143,348.2857142857143,4,4,21,16,2101231.8,795888.64,751968.0,1368105.9642857143,1041558.1183333334,832130.0,626640.75,2184206.78,1186667.5166666668,1018261.1892857142,1048314.5689996183,0,0,0,0,0,0
2017-04-22,452951.0,144.0,953921.1142857143,170.42857142857142,5,4,22,16,863078.0,3419434.31,515364.15,1377704.4442857143,997520.4923333334,2101231.8,832130.0,1945175.5,1265479.9333333333,1026197.6178571427,1042493.5072724138,1,0,0,0,0,0
2017-04-23,300001.26,103.0,918305.8657142858,166.0,6,4,23,16,452951.0,549308.0,456582.0,953921.1142857143,947779.6756666667,863078.0,2101231.8,2352792.1,1139086.9333333333,1021739.5357142857,570104.9887079619,1,0,0,0,0,0
2017-04-24,749051.85,281.0,846440.6657142857,178.14285714285714,0,4,24,17,300001.26,1252108.25,942381.0,918305.8657142858,879353.3143333333,452951.0,863078.0,1360119.71,538676.7533333335,1010555.1971428571,606236.8171707138,0,0,0,0,0,0
2017-04-25,859039.85,366.0,879640.5371428571,209.14285714285714,1,4,25,17,749051.85,626640.75,645161.0,846440.6657142857,858984.3856666666,300001.26,452951.0,935016.14,500668.0366666668,996745.9721428572,589662.2072908876,0,0,0,1,0,0
2017-04-26,794821.52,328.0,874310.7542857144,230.14285714285714,2,4,26,17,859039.85,832130.0,771449.15,879640.5371428571,856451.8426666667,749051.85,300001.26,1431293.25,636030.9866666668,1012023.0328571427,581713.0203831199,0,0,0,1,0,0
2017-04-27,970636.83,230.0,712797.1871428571,231.71428571428572,3,4,27,17,794821.52,2101231.8,596009.6,874310.7542857144,835236.1183333334,859039.85,749051.85,834581.5,800971.0733333336,1013692.4878571428,582391.3914387614,0,0,0,1,0,0
2017-04-28,699907.33,229.0,689487.0914285714,240.14285714285714,4,4,28,17,970636.83,863078.0,795888.64,712797.1871428571,839771.2960000001,794821.52,859039.85,696303.86,874832.7333333334,1040451.5757142856,243726.42818649136,0,0,1,1,0,0
2017-04-29,551342.0,191.0,703542.9485714285,246.85714285714286,5,4,29,17,699907.33,452951.0,3419434.31,689487.0914285714,839891.4116666666,970636.83,794821.52,693445.25,821788.5600000002,1033595.7678571428,234589.61775405632,1,0,1,1,0,0
2017-04-30,365207.28,151.0,712858.0942857143,253.71428571428572,6,4,30,17,551342.0,300001.26,549308.0,703542.9485714285,835154.6366666666,699907.33,970636.83,889470.49,740628.7200000001,828732.0314285714,220584.64227491955,1,0,1,1,0,0
2017-05-01,497331.0,137.0,676897.9728571428,233.14285714285714,0,5,1,18,365207.28,749051.85,1252108.25,712858.0942857143,817679.1963333334,551342.0,699907.33,448015.26,538818.8700000001,815581.9799999999,201230.8927079257,0,1,1,0,1,0
2017-05-02,460786.0,137.0,620004.5657142857,200.42857142857142,1,5,2,18,497331.0,859039.85,626640.75,676897.9728571428,819323.0543333333,365207.28,551342.0,744102.98,471293.4266666668,761669.3192857142,215659.16827508452,0,0,1,0,1,0
2017-05-03,599413.52,150.0,592089.1371428572,175.0,2,5,3,18,460786.0,794821.52,832130.0,620004.5657142857,809879.155,497331.0,365207.28,645198.0,441108.0933333335,749822.5514285713,212102.16254415023,0,0,1,0,1,0
2017-05-04,987716.21,191.0,594529.0485714285,169.42857142857142,3,5,4,18,599413.52,970636.83,2101231.8,592089.1371428572,808353.0056666668,460786.0,497331.0,816206.31,519176.84000000014,733199.9457142857,197624.2603726492,0,0,0,0,1,0
2017-05-05,501871.64,161.0,566238.2357142858,159.71428571428572,4,5,5,18,987716.21,699907.33,863078.0,594529.0485714285,814070.0023333334,599413.52,460786.0,530949.76,682638.5766666668,653663.1178571429,203106.22941481063,0,0,0,0,1,0
2017-05-06,487275.76,176.0,557085.9157142857,157.57142857142858,5,5,6,18,501871.64,551342.0,452951.0,566238.2357142858,813100.7316666667,987716.21,599413.52,484210.01,696333.7900000002,627862.6635714285,199746.11597563833,1,0,0,0,0,0
2017-05-07,265372.5,119.0,542823.8042857143,153.0,6,5,7,18,487275.76,365207.28,300001.26,557085.9157142857,813202.9233333333,501871.64,987716.21,751968.0,658954.5366666667,630314.4321428572,201997.47733033527,1,0,0,0,0,0
2017-05-08,343533.0,123.0,520852.6614285714,151.0,0,5,8,19,265372.5,497331.0,749051.85,542823.8042857143,796983.0733333334,487275.76,501871.64,515364.15,418173.3000000001,627840.9492857143,220481.79682770083,0,0,0,0,0,0
2017-05-09,471154.5,127.0,522333.8757142857,149.57142857142858,1,5,9,19,343533.0,460786.0,859039.85,520852.6614285714,791255.3683333334,265372.5,487275.76,456582.0,365393.7533333335,598875.3171428571,233074.18275310093,0,0,0,0,0,0
2017-05-10,310341.25,107.0,481037.83714285714,143.42857142857142,2,5,10,19,471154.5,599413.52,794821.52,522333.8757142857,791741.1183333334,343533.0,265372.5,942381.0,360020.0000000002,571169.2207142857,232661.41116081097,0,0,0,0,0,0
2017-05-11,714478.76,190.0,442003.91571428574,143.28571428571428,3,5,11,19,310341.25,987716.21,970636.83,481037.83714285714,770673.1266666667,471154.5,343533.0,645161.0,375009.5833333335,536563.4871428572,242160.43430000934,0,0,0,0,0,0
2017-05-12,260850.29,105.0,407572.2942857143,135.28571428571428,4,5,12,19,714478.76,501871.64,699907.33,442003.91571428574,772983.7186666668,310341.25,471154.5,771449.15,498658.17000000016,518266.48214285716,152182.0277555823,0,0,0,0,0,0
2017-05-13,162632.93,91.0,361194.7471428571,123.14285714285714,5,5,13,19,260850.29,487275.76,551342.0,407572.2942857143,755963.7566666666,714478.76,310341.25,596009.6,428556.76666666684,486905.265,163243.14852885532,1,0,0,0,0,0
2017-05-14,178478.0,88.0,348781.2471428571,118.71428571428571,6,5,14,19,162632.93,265372.5,365207.28,361194.7471428571,741517.8676666667,260850.29,714478.76,795888.64,379320.66000000015,459140.3314285715,181877.46095773307,1,0,0,0,0,0
2017-05-15,302513.02,94.0,342921.25,114.57142857142857,0,5,15,20,178478.0,343533.0,497331.0,348781.2471428571,720937.513,162632.93,260850.29,3419434.31,200653.74000000014,445802.52571428573,192181.03730155085,0,0,0,0,0,0
2017-05-16,298618.01,78.0,318273.18000000005,107.57142857142857,1,5,16,20,302513.02,471154.5,460786.0,342921.25,617040.1366666666,178478.0,162632.93,549308.0,214541.3166666668,431886.9557142857,192991.42224853372,0,0,0,0,0,0
2017-05-17,422222.0,75.0,334256.1442857143,103.0,2,5,17,20,298618.01,310341.25,599413.52,318273.18000000005,608683.8036666667,302513.02,178478.0,1252108.25,259869.67666666684,420303.52785714285,184725.22547238113,0,0,0,0,0,0
2017-05-18,259035.25,107.0,269192.78571428574,91.14285714285714,3,5,18,20,422222.0,714478.76,987716.21,334256.1442857143,581020.9286666666,298618.01,302513.02,626640.75,341117.6766666668,407646.99071428564,188721.4478136541,0,0,0,0,0,0
2017-05-19,15536057.38,2244.0,2451365.227142857,396.7142857142857,4,5,19,20,259035.25,260850.29,501871.64,269192.78571428574,568767.412,422222.0,298618.01,832130.0,326625.08666666684,355598.35071428574,86747.68990743678,0,0,0,0,0,0
2017-05-20,4682221.54,1012.0,3097020.7428571433,528.2857142857143,5,5,20,20,15536057.38,162632.93,487275.76,2451365.227142857,1058898.3246666668,259035.25,422222.0,2101231.8,5405771.543333334,1429468.7607142855,5770457.80916808,1,0,0,0,0,0
2017-05-21,4337071.69,679.0,3691105.555714286,612.7142857142857,6,5,21,20,4682221.54,178478.0,265372.5,3097020.7428571433,1144931.3159999999,15536057.38,259035.25,863078.0,6825771.390000001,1729107.7449999999,5724354.796396375,1,0,0,0,0,0
2017-05-22,6884502.59,986.0,4631389.78,740.1428571428571,0,5,22,21,4337071.69,302513.02,343533.0,3691105.555714286,1260731.1056666668,4682221.54,15536057.38,452951.0,8185116.87,2019943.4014285712,5585079.889994268,0,0,0,0,0,0
2017-05-23,426165.25,152.0,4649610.814285715,750.7142857142857,1,5,23,21,6884502.59,298618.01,471154.5,4631389.78,1475116.1586666666,4337071.69,4682221.54,300001.26,5301265.273333333,2487155.515,5472430.729790197,0,0,0,0,0,0
2017-05-24,370605.85,147.0,4642237.078571429,761.0,2,5,24,21,426165.25,422222.0,310341.25,4649610.814285715,1479321.625,6884502.59,4337071.69,749051.85,3882579.8433333337,2483941.9971428574,5455786.937559728,0,0,0,0,0,0
2017-05-25,326144.9,119.0,4651824.171428571,762.7142857142857,3,5,25,21,370605.85,259035.25,714478.76,4642237.078571429,1466706.7583333333,426165.25,6884502.59,859039.85,2560424.563333333,2488246.6114285714,5462483.460564881,0,0,0,1,0,0
2017-05-26,358826.15,122.0,2483648.2814285713,459.57142857142856,4,5,26,21,326144.9,15536057.38,260850.29,4651824.171428571,1448943.5933333333,370605.85,426165.25,794821.52,374305.3333333333,2460508.478571429,5453560.050999662,0,0,0,1,0,0
2017-05-27,481178.98,168.0,1883499.3442857142,339.0,5,5,27,21,358826.15,4682221.54,162632.93,2483648.2814285713,1434410.4143333333,326144.9,370605.85,970636.83,351858.9666666666,2467506.7542857146,2753915.2741365694,1,0,0,1,0,0
2017-05-28,186259.0,93.0,1290526.102857143,255.28571428571428,6,5,28,21,481178.98,4337071.69,178478.0,1883499.3442857142,1418095.1526666665,358826.15,326144.9,699907.33,388716.6766666667,2490260.0435714284,2650761.014165514,1,0,0,1,0,0
2017-05-29,590672.0,113.0,391407.4471428571,130.57142857142858,0,5,29,22,186259.0,6884502.59,302513.02,1290526.102857143,1400973.5416666667,481178.98,358826.15,551342.0,342088.04333333333,2490815.8292857143,2468416.847582804,0,0,0,1,0,0
2017-05-30,308616.0,111.0,374614.6971428571,124.71428571428571,1,5,30,22,590672.0,426165.25,298618.01,391407.4471428571,1402284.5416666667,186259.0,481178.98,365207.28,419369.99333333335,2511398.613571428,127025.40939274819,0,0,0,1,0,0
2017-05-31,420025.0,129.0,381674.57571428566,122.14285714285714,2,5,31,22,308616.0,370605.85,422222.0,374614.6971428571,1400398.1656666666,590672.0,186259.0,497331.0,361849.0,2512112.7557142857,129412.17838170344,0,0,0,1,0,0
2017-06-01,833365.04,203.0,454134.5957142857,134.14285714285714,3,6,1,22,420025.0,326144.9,259035.25,381674.57571428566,1397821.2989999999,308616.0,590672.0,460786.0,439771.0,2511955.827142857,130500.44893476184,0,0,0,0,1,0
2017-06-02,1168677.01,142.0,569827.5757142857,137.0,4,6,2,22,833365.04,358826.15,15536057.38,454134.5957142857,1410240.6003333332,420025.0,308616.0,599413.52,520668.68,2552979.3835714287,210701.11223640648,0,0,0,0,1,0
2017-06-03,421997.55,165.0,561373.0857142857,136.57142857142858,5,6,3,22,1168677.01,481178.98,4682221.54,569827.5757142857,1429216.05,833365.04,420025.0,987716.21,807355.6833333332,1526737.9285714286,335202.141706009,1,0,0,0,1,0
2017-06-04,279150.99,97.0,574643.37,137.14285714285714,6,6,4,22,421997.55,186259.0,4337071.69,561373.0857142857,1410358.7613333336,1168677.01,833365.04,501871.64,808013.2000000001,1222436.2149999999,338540.4084690194,1,0,0,0,1,0
2017-06-05,387809.19,123.0,545662.9685714286,138.57142857142858,0,6,5,23,279150.99,590672.0,6884502.59,574643.37,1402934.7396666666,421997.55,1168677.01,487275.76,623275.1833333333,932584.7364285715,322842.50027197367,0,0,0,0,1,0
2017-06-06,497806.85,156.0,572690.2328571429,145.0,1,6,6,23,387809.19,308616.0,426165.25,545662.9685714286,1399619.1873333335,279150.99,421997.55,265372.5,362985.91,468535.20785714284,330185.4852601852,0,0,0,0,0,0
2017-06-07,397100.25,166.0,569415.2685714286,150.28571428571428,2,6,7,23,497806.85,420025.0,370605.85,572690.2328571429,1407366.9990000003,387809.19,279150.99,343533.0,388255.6766666666,473652.46499999997,314939.2427467699,0,0,0,0,0,0
2017-06-08,481162.45,158.0,519100.61285714287,143.85714285714286,3,6,8,23,397100.25,833365.04,326144.9,569415.2685714286,1409152.5740000003,497806.85,387809.19,471154.5,427572.0966666667,475544.92214285716,316904.4153343377,0,0,0,0,0,0
2017-06-09,18352186.19,188.0,2973887.638571429,150.42857142857142,4,6,9,23,481162.45,1168677.01,358826.15,519100.61285714287,1409486.1723333334,397100.25,497806.85,310341.25,458689.85000000003,486617.6042857143,295231.1458392864,0,0,0,0,0,0
2017-06-10,492274.82,185.0,2983927.248571429,153.28571428571428,5,6,10,23,18352186.19,421997.55,481178.98,2973887.638571429,2010881.0036666666,481162.45,397100.25,714478.76,6410149.63,1771857.607142857,6781569.445827794,1,0,0,0,0,0
2017-06-11,714283.775,181.0,3046089.075,165.28571428571428,6,6,11,23,492274.82,279150.99,186259.0,2983927.248571429,2003474.2056666664,18352186.19,481162.45,260850.29,6441874.486666667,1772650.167142857,6777212.535306298,1,0,0,0,0,0
2017-06-12,740419.3,192.0,3096461.947857143,175.14285714285714,0,6,12,24,714283.775,387809.19,590672.0,3046089.075,2018588.6551666667,492274.82,18352186.19,162632.93,6519581.595,1810366.2225,6750210.820557336,0,0,0,0,0,0
2017-06-13,198724.0,123.0,3053735.826428572,170.42857142857142,1,6,13,24,740419.3,497806.85,308616.0,3096461.947857143,2037848.2008333332,714283.775,492274.82,178478.0,648992.6316666667,1821062.4582142856,6728347.691074556,0,0,0,0,0,0
2017-06-14,384153.6,120.0,3051886.3050000006,163.85714285714286,2,6,14,24,198724.0,397100.25,420025.0,3053735.826428572,2038523.0675,740419.3,714283.775,302513.02,551142.3583333333,1813213.0296428571,6748519.27164515,0,0,0,0,0,0
2017-06-15,626103.5,197.0,3072592.1692857146,169.42857142857142,3,6,15,24,384153.6,481162.45,833365.04,3051886.3050000006,2041244.4201666669,198724.0,740419.3,298618.01,441098.9666666666,1810650.7867857143,6749370.426086751,0,0,0,0,0,0
2017-06-16,746705.54,286.0,557523.505,183.42857142857142,4,6,16,24,626103.5,18352186.19,1168677.01,3072592.1692857146,2052160.6031666666,384153.6,198724.0,422222.0,402993.7,1795846.3910714288,6740385.83020121,0,0,0,0,0,0
2017-06-17,613087.58,257.0,574782.4707142857,193.71428571428572,5,6,17,24,746705.54,492274.82,421997.55,557523.505,2062976.7211666666,626103.5,384153.6,259035.25,585654.2133333334,1765705.5717857142,208793.88233472288,1,0,0,0,0,0
2017-06-18,584317.675,228.0,556215.885,200.42857142857142,6,6,18,24,613087.58,714283.775,279150.99,574782.4707142857,2074778.4655,746705.54,626103.5,15536057.38,661965.5399999999,1779354.8596428572,207490.6359558282,1,0,0,0,0,0
2017-06-19,467739.37,212.0,517261.6092857143,203.28571428571428,0,6,19,25,584317.675,740419.3,387809.19,556215.885,1576387.1420000002,613087.58,746705.54,4682221.54,648036.9316666668,1801152.48,198549.51672226848,0,0,0,0,0,0
2017-06-20,451810.69,141.0,553416.8507142857,205.85714285714286,1,6,20,25,467739.37,198724.0,497806.85,517261.6092857143,1435904.4030000002,584317.675,613087.58,4337071.69,555048.2083333334,1806861.7785714287,182485.89442191162,0,0,0,0,0,0
2017-06-21,246346.03,117.0,533730.0549999999,205.42857142857142,2,6,21,25,451810.69,384153.6,397100.25,553416.8507142857,1306395.703,467739.37,584317.675,6884502.59,501289.24500000005,1803576.3385714288,124815.74012944566,0,0,0,0,0,0
2017-06-22,243677.29,177.0,479097.7392857143,202.57142857142858,3,6,22,25,246346.03,626103.5,481162.45,533730.0549999999,1085123.8176666668,451810.69,467739.37,426165.25,388632.03,1792808.18,161453.43256270228,0,0,0,0,0,0
2017-06-23,277831.35,88.0,412115.71214285714,174.28571428571428,4,6,23,25,243677.29,746705.54,18352186.19,479097.7392857143,1079040.8856666668,246346.03,451810.69,370605.85,313944.67,1775844.9542857145,187575.8464455182,0,0,1,0,0,0
2017-06-24,107972.01,50.0,339956.34500000003,144.71428571428572,5,6,24,25,277831.35,613087.58,492274.82,412115.71214285714,1075948.4023333334,243677.29,246346.03,326144.9,255951.55666666664,484819.6085714285,157372.31318878007,1,0,1,0,0,0
2017-06-25,63535.05,39.0,265558.82714285713,117.71428571428571,6,6,25,25,107972.01,584317.675,714283.775,339956.34500000003,1068675.9726666668,277831.35,243677.29,358826.15,209826.8833333333,457369.40785714285,165459.53672942624,1,0,1,1,0,0
2017-06-26,63240.0,30.0,207773.20285714284,91.71428571428571,0,6,26,26,63535.05,467739.37,740419.3,265558.82714285713,1058832.936,107972.01,277831.35,481178.98,149779.47,410887.35607142857,153954.80281307767,0,1,1,1,0,0
2017-06-27,48547.01,28.0,150164.10571428572,75.57142857142857,1,6,27,26,63240.0,451810.69,198724.0,207773.20285714284,1044901.6366666666,63535.05,107972.01,186259.0,78249.02,362517.4060714286,140768.2345459539,0,0,1,1,0,0
2017-06-28,107882.74,41.0,130383.6357142857,64.71428571428571,2,6,28,26,48547.01,246346.03,384153.6,150164.10571428572,1040311.237,63240.0,63535.05,590672.0,58440.68666666667,351790.47821428574,101210.34531161995,0,0,1,1,0,0
2017-06-29,538438.04,141.0,172492.31428571427,59.57142857142857,3,6,29,26,107882.74,243677.29,626103.5,130383.6357142857,1024218.2616666666,48547.01,63240.0,308616.0,73223.25,332056.84535714285,92429.33008701012,0,0,0,1,0,0
2017-06-30,256795.86,133.0,169487.2442857143,66.0,4,6,30,26,538438.04,277831.35,746705.54,172492.31428571427,1031878.9963333333,107882.74,48547.01,420025.0,231622.59666666668,325795.02678571426,179127.53624179537,0,0,0,1,0,0
2017-07-01,199646.05,95.0,182583.5357142857,72.42857142857143,5,7,1,26,256795.86,107972.01,613087.58,169487.2442857143,1026438.025,538438.04,107882.74,833365.04,301038.88,290801.4782142857,177232.24297287877,1,0,0,0,1,0
2017-07-02,159675.86,79.0,196317.93714285712,78.14285714285714,6,7,2,26,199646.05,63535.05,584317.675,182583.5357142857,1005314.0586666667,256795.86,538438.04,1168677.01,331626.64999999997,261269.94035714288,175305.66033065214,1,0,0,0,1,0
2017-07-03,245280.57,120.0,222323.73285714284,91.0,0,7,3,27,159675.86,63240.0,467739.37,196317.93714285712,971680.687,199646.05,256795.86,421997.55,205372.59,230938.38214285715,168039.7921333683,0,0,0,0,1,0
2017-07-04,313272.32,133.0,260141.63428571427,106.0,1,7,4,27,245280.57,48547.01,451810.69,222323.73285714284,965790.121,159675.86,199646.05,279150.99,201534.16,215048.46785714285,157785.57318310495,0,0,0,0,1,0
2017-07-05,340693.92,146.0,293400.3742857143,121.0,2,7,5,27,313272.32,107882.74,246346.03,260141.63428571427,966927.4986666667,245280.57,159675.86,387809.19,239409.58333333334,205152.87000000002,139904.5287838639,0,0,0,0,1,0
2017-07-06,557389.3099999999,185.0,296107.69857142854,127.28571428571429,3,7,6,27,340693.92,538438.04,243677.29,293400.3742857143,965356.9896666667,313272.32,245280.57,497806.85,299748.9366666667,211892.00500000003,124500.70708325526,0,0,0,0,0,0
2017-07-07,276301.0,145.0,298894.14714285714,129.0,4,7,7,27,557389.3099999999,256795.86,277831.35,296107.69857142854,967343.0716666668,340693.92,313272.32,397100.25,403785.1833333333,234300.00642857142,130765.66172146908,0,0,0,0,0,0
2017-07-08,277318.02,121.0,309990.14285714284,132.71428571428572,5,7,8,27,276301.0,199646.05,107972.01,298894.14714285714,963316.43,557389.3099999999,340693.92,481162.45,391461.41,234190.69571428574,129993.90004898104,1,0,0,0,0,0
2017-07-09,164032.04,98.0,310612.45428571425,135.42857142857142,6,7,9,27,277318.02,159675.86,63535.05,309990.14285714284,956521.6156666668,276301.0,557389.3099999999,18352186.19,370336.11000000004,246286.8392857143,123250.40968791475,1,0,0,0,0,0
2017-07-10,249984.08000000002,98.0,311284.3842857143,132.28571428571428,0,7,10,28,164032.04,245280.57,63240.0,310612.45428571425,350249.81066666666,277318.02,276301.0,492274.82,239217.02,253465.19571428568,122372.82799409435,0,0,0,0,0,0
2017-07-11,599039.53,434.0,352108.27142857143,175.28571428571428,1,7,11,28,249984.08000000002,313272.32,48547.01,311284.3842857143,342173.45266666665,164032.04,277318.02,714283.775,230444.7133333333,266804.0585714286,121966.55171423405,0,0,0,0,0,0
2017-07-12,537749.22,355.0,380259.0285714286,205.14285714285714,2,7,12,28,599039.53,340693.92,107882.74,352108.27142857143,338331.9778333333,249984.08000000002,164032.04,740419.3,337685.2166666666,306124.95285714284,163497.18758480248,0,0,0,0,0,0
2017-07-13,773584.9484999999,349.0,411144.11978571425,228.57142857142858,3,7,13,28,537749.22,557389.3099999999,538438.04,380259.0285714286,331576.30850000004,599039.53,249984.08000000002,198724.0,462257.6099999999,336829.7014285714,177563.60389204737,0,0,0,0,0,0
2017-07-14,498830.63,293.0,442934.06692857144,249.71428571428572,4,7,14,28,773584.9484999999,276301.0,256795.86,411144.11978571425,350738.3401166667,537749.22,599039.53,384153.6,636791.2328333332,353625.9091785714,225767.55053087938,0,0,0,0,0,0
2017-07-15,398918.02,231.0,460305.4955,265.42857142857144,5,7,15,28,498830.63,277318.02,199646.05,442934.06692857144,354560.9077833333,773584.9484999999,537749.22,626103.5,603388.2661666665,370914.10703571426,219187.12446251407,1,0,0,0,0,0
2017-07-16,344483.97,225.0,486084.3426428571,283.57142857142856,6,7,16,28,398918.02,164032.04,159675.86,460305.4955,346988.05845000007,498830.63,773584.9484999999,746705.54,557111.1995,385147.8191785714,208428.3829254703,1,0,0,0,0,0
2017-07-17,512062.58999999997,289.0,523524.12978571426,310.85714285714283,0,7,17,29,344483.97,249984.08000000002,245280.57,486084.3426428571,333580.6727833333,398918.02,498830.63,613087.58,414077.54,398348.39846428577,173991.93825610186,0,0,0,0,0,0
2017-07-18,166414.55,117.0,461720.5612142857,265.57142857142856,1,7,18,29,512062.58999999997,599039.53,313272.32,523524.12978571426,330213.1731166666,344483.97,398918.02,584317.675,418488.1933333333,417404.2570357143,139498.23126435163,0,0,0,0,0,0
2017-07-19,263056.02,125.0,422478.67549999995,232.71428571428572,2,7,19,29,166414.55,537749.22,340693.92,461720.5612142857,316283.06895000004,512062.58999999997,344483.97,467739.37,340987.0366666666,406914.41632142855,187903.09907119695,0,0,0,0,0,0
2017-07-20,225596.14,147.0,344194.56,203.85714285714286,3,7,20,29,263056.02,773584.9484999999,557389.3099999999,422478.67549999995,309460.29061666667,166414.55,512062.58999999997,451810.69,313844.38666666666,401368.85203571426,197801.75751730084,0,0,0,0,0,0
2017-07-21,985675.42,196.0,413743.8157142857,190.0,4,7,21,29,225596.14,498830.63,276301.0,344194.56,301919.8056166667,263056.02,166414.55,246346.03,218355.56999999998,377669.3398928572,133754.4456141168,0,0,0,0,0,0
2017-07-22,922600.35,157.0,488555.57714285713,179.42857142857142,5,7,22,29,985675.42,398918.02,277318.02,413743.8157142857,326564.11861666664,225596.14,263056.02,243677.29,491442.5266666666,428338.9413214286,277208.4646187332,1,0,0,0,0,0
2017-07-23,291386.87,106.0,480970.2771428572,162.42857142857142,6,7,23,29,922600.35,344483.97,164032.04,488555.57714285713,349194.88728333334,985675.42,225596.14,277831.35,711290.6366666666,474430.53632142855,336799.8336965242,1,0,0,0,0,0
2017-07-24,535346.55,130.0,484296.5571428571,139.71428571428572,0,7,24,30,291386.87,512062.58999999997,249984.08000000002,480970.2771428572,349646.73795000004,922600.35,985675.42,107972.01,733220.8799999999,483527.3098928571,341155.11660803907,0,0,0,0,0,0
2017-07-25,779871.1799999999,165.0,571933.2185714286,146.57142857142858,1,7,25,30,535346.55,166414.55,599039.53,484296.5571428571,363892.55595,291386.87,922600.35,63535.05,583111.2566666666,503910.34346428566,341621.9839939138,0,0,0,1,0,0
2017-07-26,580331.63,169.0,617258.3057142857,152.85714285714286,2,7,26,30,779871.1799999999,263056.02,537749.22,571933.2185714286,387770.42695,535346.55,291386.87,63240.0,535534.8666666666,516826.8898928571,324753.1308330407,0,0,0,1,0,0
2017-07-27,744605.9415,221.0,691402.5630714286,163.42857142857142,3,7,27,30,580331.63,225596.14,773584.9484999999,617258.3057142857,405006.8146166667,779871.1799999999,535346.55,48547.01,631849.7866666665,519868.49060714286,295260.4615027234,0,0,0,1,0,0
2017-07-28,907002.74,157.0,680163.6087857143,157.85714285714286,4,7,28,30,744605.9415,985675.42,498830.63,691402.5630714286,428208.779,580331.63,779871.1799999999,107882.74,701602.9171666665,517798.56153571425,240627.30960128468,0,0,0,1,0,0
2017-07-29,556768.85,140.0,627901.9659285714,155.42857142857142,5,7,29,30,907002.74,922600.35,398918.02,680163.6087857143,454846.1123333333,744605.9415,580331.63,538438.04,743980.1038333332,546953.71225,225983.67790188914,1,0,0,1,0,0
2017-07-30,293551.52,109.0,628211.201642857,155.85714285714286,6,7,30,30,556768.85,291386.87,344483.97,627901.9659285714,455457.1393333333,907002.74,744605.9415,256795.86,736125.8438333332,558228.7715357143,201553.7454686631,1,0,0,1,0,0
2017-07-31,1009445.41,180.0,695939.6102142857,163.0,0,7,31,31,293551.52,535346.55,512062.58999999997,628211.201642857,456682.328,556768.85,907002.74,199646.05,585774.37,554590.7393928571,200952.15657481336,0,0,0,1,0,0
2017-08-01,581798.22,161.0,667643.4730714286,162.42857142857142,1,8,1,31,1009445.41,779871.1799999999,166414.55,695939.6102142857,483675.64,293551.52,556768.85,159675.86,619921.9266666666,590118.0836785714,240449.69404431456,0,0,0,0,1,0
2017-08-02,557948.29,248.0,664445.8530714286,173.71428571428572,2,8,2,31,581798.22,580331.63,263056.02,667643.4730714286,497746.3853333333,1009445.41,293551.52,245280.57,628265.0499999999,619788.3458214285,240581.02623611447,0,0,0,0,1,0
2017-08-03,1657932.829,357.0,794921.1227142857,193.14285714285714,3,8,3,31,557948.29,744605.9415,225596.14,664445.8530714286,508168.64266666665,581798.22,1009445.41,313272.32,716397.3066666666,640852.0793928572,242079.01015365,0,0,0,0,1,0
2017-08-04,474442.9,167.0,733126.8598571429,194.57142857142858,4,8,4,31,1657932.829,907002.74,985675.42,794921.1227142857,552990.6596333333,557948.29,581798.22,340693.92,932559.7796666665,743161.8428928572,449636.4536278185,0,0,0,0,1,0
2017-08-05,424990.01,140.0,714301.3112857144,194.57142857142858,5,8,5,31,474442.9,556768.85,922600.35,733126.8598571429,557448.9589666667,1657932.829,557948.29,557389.3099999999,896774.673,706645.2343214286,461239.621099549,1,0,0,0,1,0
2017-08-06,314238.17,124.0,717256.547,196.71428571428572,6,8,6,31,424990.01,293551.52,291386.87,714301.3112857144,553035.6489666667,474442.9,1657932.829,276301.0,852455.2463333332,671101.6386071428,472196.51454282226,1,0,0,0,0,0
2017-08-07,333977.77,176.0,620761.1698571428,196.14285714285714,0,8,7,32,314238.17,1009445.41,535346.55,717256.547,554300.2213,424990.01,474442.9,277318.02,404557.0266666666,672733.8743214287,469179.47637335805,0,0,0,0,0,0
2017-08-08,655616.04,239.0,631306.5727142857,207.28571428571428,1,8,8,32,333977.77,581798.22,779871.1799999999,620761.1698571428,556188.8796333333,314238.17,424990.01,164032.04,357735.3166666666,658350.3900357143,468530.51676983666,0,0,0,0,0,0
2017-08-09,705909.69,268.0,652443.9155714286,210.14285714285714,2,8,9,32,655616.04,557948.29,580331.63,631306.5727142857,572575.0129666666,333977.77,314238.17,249984.08000000002,434610.6599999999,649475.0228928572,468338.08705692337,0,0,0,0,0,0
2017-08-10,1266950.06,339.0,596589.2342857143,207.57142857142858,3,8,10,32,705909.69,1657932.829,744605.9415,652443.9155714286,587772.5333,655616.04,333977.77,599039.53,565167.8333333333,658444.8843214286,467814.07620146195,0,0,0,0,0,0
2017-08-11,706083.83,235.0,629680.7957142858,217.28571428571428,4,8,11,32,1266950.06,474442.9,907002.74,596589.2342857143,610036.2176333333,705909.69,655616.04,537749.22,876158.5966666667,695755.1785000002,331127.2886960954,0,0,1,0,0,0
2017-08-12,652381.2,191.0,662165.2514285714,224.57142857142858,5,8,12,32,706083.83,424990.01,556768.85,629680.7957142858,615647.3713000001,1266950.06,705909.69,773584.9484999999,892981.1933333332,681403.8277857143,328449.8103115334,1,0,1,0,0,0
2017-08-13,2895019.92,859.0,1030848.3585714286,329.57142857142856,6,8,13,32,652381.2,314238.17,293551.52,662165.2514285714,611607.24635,706083.83,1266950.06,498830.63,875138.3633333333,688233.281357143,315833.8114998461,1,0,1,0,0,0
2017-08-14,5756533.75,925.0,1805499.2128571428,436.57142857142856,0,8,14,33,2895019.92,333977.77,1009445.41,1030848.3585714286,691480.2226833332,652381.2,706083.83,398918.02,1417828.3166666664,874052.4527857143,867141.0940019457,0,1,1,0,0,0
2017-08-15,412755.47,151.0,1770804.8457142857,424.0,1,8,15,33,5756533.75,655616.04,581798.22,1805499.2128571428,870067.4136833332,2895019.92,652381.2,344483.97,3101311.623333333,1213130.1913571428,1921695.789342828,0,0,1,0,0,0
2017-08-16,295335.97,138.0,1712151.4571428571,405.42857142857144,2,8,16,33,412755.47,705909.69,557948.29,1770804.8457142857,872343.13035,5756533.75,2895019.92,512062.58999999997,3021436.3800000004,1201055.7092142857,1947929.0784888852,0,0,1,0,0,0
2017-08-17,551718.29,154.0,1609975.49,379.0,3,8,17,33,295335.97,1266950.06,1657932.829,1712151.4571428571,865118.9096833334,412755.47,5756533.75,166414.55,2154875.063333333,1182297.6863571429,1991042.0780559778,0,0,0,0,0,0
2017-08-18,321709.11,134.0,1555064.8157142855,364.57142857142856,4,8,18,33,551718.29,706083.83,474442.9,1609975.49,877962.3676833332,295335.97,412755.47,263056.02,419936.57666666666,1103282.3621428572,2035551.2231781755,0,0,0,0,0,0
2017-08-19,319354.66,134.0,1507489.5957142857,356.42857142857144,5,8,19,33,321709.11,652381.2,424990.01,1555064.8157142855,879917.4706833333,551718.29,295335.97,225596.14,389587.79000000004,1092372.8057142857,2068909.3967136473,1,0,0,0,0,0
2017-08-20,340079.77999999997,119.0,1142498.147142857,250.71428571428572,6,8,20,33,319354.66,2895019.92,314238.17,1507489.5957142857,883042.7546833332,321709.11,551718.29,985675.42,397594.02,1084827.4235714285,2096767.9341791037,1,0,0,0,0,0
2017-08-21,465145.6,149.0,386585.5542857143,139.85714285714286,0,8,21,34,340079.77999999997,5756533.75,333977.77,1142498.147142857,861522.9000166667,319354.66,321709.11,922600.35,327047.85,1086673.2528571428,2036487.5232088545,0,0,0,0,0,0
2017-08-22,676815.94,194.0,424308.47857142857,146.0,1,8,22,34,465145.6,412755.47,655616.04,386585.5542857143,846274.40835,340079.77999999997,319354.66,291386.87,374860.01333333337,1096042.3835714287,94289.9654608209,0,0,0,0,0,0
2017-08-23,586127.82,189.0,465850.1714285714,153.28571428571428,2,8,23,34,676815.94,295335.97,705909.69,424308.47857142857,859122.0440166666,465145.6,340079.77999999997,535346.55,494013.77333333326,1097556.6621428572,145448.30966493755,0,0,0,0,0,0
2017-08-24,1084975.04,272.0,542029.7071428571,170.14285714285714,3,8,24,34,586127.82,551718.29,1266950.06,465850.1714285714,860814.7530166666,676815.94,465145.6,779871.1799999999,576029.7866666666,1089000.8142857144,143992.40158276455,0,0,0,0,0,0
2017-08-25,937170.48,227.0,629952.76,183.42857142857142,4,8,25,34,1084975.04,321709.11,706083.83,542029.7071428571,870984.8816833332,586127.82,676815.94,580331.63,782639.6,1076002.5985714286,276803.7474898394,0,0,0,1,0,0
2017-08-26,470931.0,124.0,651606.5228571428,182.0,5,8,26,34,937170.48,319354.66,652381.2,629952.76,882879.5100166666,1084975.04,586127.82,744605.9415,869424.4466666667,1092508.787857143,292461.88071531215,1,0,0,1,0,0
2017-08-27,266989.99,95.0,641165.1242857141,178.57142857142858,6,8,27,34,470931.0,340079.77999999997,2895019.92,651606.5228571428,873757.0119666666,937170.48,1084975.04,907002.74,831025.5066666667,1079548.0592857143,270412.7253964446,1,0,0,1,0,0
2017-08-28,776525.72,160.0,685647.9985714286,180.14285714285714,0,8,28,35,266989.99,465145.6,5756533.75,641165.1242857141,852423.2536333334,470931.0,937170.48,556768.85,558363.8233333334,891831.6357142858,285440.02830161934,0,0,0,1,0,0
2017-08-29,465527.29,122.0,655463.9057142857,169.85714285714286,1,8,29,35,776525.72,676815.94,412755.47,685647.9985714286,859748.4826333333,266989.99,470931.0,293551.52,504815.57,536116.7764285713,277592.20502693637,0,0,0,1,0,0
2017-08-30,387806.7,121.0,627132.3171428571,160.14285714285714,2,8,30,35,465527.29,586127.82,295335.97,655463.9057142857,865481.0083,776525.72,266989.99,1009445.41,503014.3333333333,539886.1921428571,289925.8981769938,0,0,1,1,0,0
2017-08-31,1185064.6099999999,147.0,641430.8271428571,142.28571428571428,3,8,31,35,387806.7,1084975.04,551718.29,627132.3171428571,844759.7179666667,465527.29,776525.72,581798.22,543286.57,546491.2442857142,307016.9086587242,0,0,1,1,0,0
2017-09-01,184069.52,61.0,533844.9757142856,118.57142857142857,4,9,1,35,1185064.6099999999,937170.48,321709.11,641430.8271428571,864868.5976333334,387806.7,465527.29,557948.29,679466.2,591730.2671428571,333115.00667592295,0,0,1,0,1,0
2017-09-02,617046.98,66.0,554718.6871428571,110.28571428571429,5,9,2,35,184069.52,470931.0,319354.66,533844.9757142856,852405.9719666668,1185064.6099999999,387806.7,1657932.829,585646.9433333332,581898.8678571428,343144.29934608424,1,1,1,0,1,0
2017-09-03,417562.5,61.0,576229.0457142856,105.42857142857143,6,9,3,35,617046.98,266989.99,340079.77999999997,554718.6871428571,817709.7770000001,184069.52,1185064.6099999999,474442.9,662060.37,603162.6049999999,343123.51600593457,1,0,1,0,1,0
2017-09-04,341088.47,100.0,514023.72428571427,96.85714285714286,0,9,4,36,417562.5,776525.72,465145.6,576229.0457142856,815813.7636666667,617046.98,184069.52,424990.01,406226.3333333333,608697.085,326391.2864565547,0,0,1,0,1,0
2017-09-05,663511.64,122.0,542307.2028571429,96.85714285714286,1,9,5,36,341088.47,465527.29,676815.94,514023.72428571427,813017.0456666667,417562.5,617046.98,314238.17,458565.98333333334,599835.8614285713,323335.08155052195,0,0,0,0,1,0
2017-09-06,211541.22,81.0,517126.4199999999,91.14285714285714,2,9,6,36,663511.64,387806.7,586127.82,542307.2028571429,824659.4946666666,341088.47,417562.5,333977.77,474054.2033333333,598885.5542857143,327024.08077825204,0,0,0,0,0,0
2017-09-07,115594.5,64.0,364344.97571428574,79.28571428571429,3,9,7,36,211541.22,1185064.6099999999,1084975.04,517126.4199999999,820578.2763333333,663511.64,341088.47,655616.04,405380.44333333336,572129.3685714286,347074.85352788505,0,0,0,0,0,0
2017-09-08,143667.1,70.0,358573.2014285714,80.57142857142857,4,9,8,36,115594.5,184069.52,937170.48,364344.97571428574,802577.5583333333,211541.22,663511.64,705909.69,330215.7866666667,502887.90142857144,213875.7399366247,0,0,0,0,0,0
2017-09-09,154995.0,62.0,292565.77571428573,80.0,5,9,9,36,143667.1,617046.98,470931.0,358573.2014285714,783836.1386666667,115594.5,211541.22,1266950.06,156934.27333333335,446209.0885714286,220008.8195385859,1,0,0,0,0,0
2017-09-10,61943.0,33.0,241762.99,76.0,6,9,10,36,154995.0,417562.5,266989.99,292565.77571428573,746770.9700000001,143667.1,115594.5,706083.83,138085.53333333333,423642.23142857145,197720.2620667588,1,0,0,0,0,0
2017-09-11,112473.99,55.0,209103.77857142856,69.57142857142857,0,9,11,37,61943.0,341088.47,776525.72,241762.99,725299.6089999999,154995.0,143667.1,652381.2,120201.7,408996.01785714284,205773.35206976722,0,0,0,0,0,0
2017-09-12,97996.25,48.0,128315.86571428573,59.0,1,9,12,37,112473.99,663511.64,465527.29,209103.77857142856,707302.7019999999,61943.0,154995.0,2895019.92,109803.99666666666,361563.7514285714,205523.62412384144,0,0,0,0,0,0
2017-09-13,210777.2,62.0,128206.72,56.285714285714285,2,9,13,37,97996.25,211541.22,387806.7,128315.86571428573,614068.5796666667,112473.99,61943.0,5756533.75,90804.41333333333,335311.5342857143,47629.3515395386,0,0,0,0,0,0
2017-09-14,812907.43,121.0,227822.8528571429,64.42857142857143,3,9,14,37,210777.2,115594.5,1185064.6099999999,128206.72,429210.028,97996.25,112473.99,412755.47,140415.81333333332,322666.57,47407.20661662936,0,0,0,0,0,0
2017-09-15,276685.5,73.0,246825.48142857145,64.85714285714286,4,9,15,37,812907.43,143667.1,184069.52,227822.8528571429,442548.42666666664,210777.2,97996.25,295335.97,373893.6266666667,296083.9142857143,262258.4717851324,0,0,0,0,0,0
2017-09-16,146970.0,57.0,245679.05285714287,64.14285714285714,5,9,16,37,276685.5,154995.0,617046.98,246825.48142857145,441926.74433333334,812907.43,210777.2,551718.29,433456.70999999996,302699.34142857144,259953.42673798543,1,0,0,0,0,0
2017-09-17,79632.0,37.0,248206.05285714287,64.71428571428571,6,9,17,37,146970.0,61943.0,417562.5,245679.05285714287,428435.1346666666,276685.5,812907.43,321709.11,412187.64333333337,269122.4142857143,260443.1429312899,1,0,0,0,0,0
2017-09-18,277263.22,85.0,271747.37142857147,69.0,0,9,18,38,79632.0,112473.99,341088.47,248206.05285714287,420365.89766666666,146970.0,276685.5,319354.66,167762.49999999997,244984.5214285714,258441.4088143222,0,0,0,0,0,0
2017-09-19,283536.0,57.0,298253.05,70.28571428571429,1,9,19,38,277263.22,97996.25,663511.64,271747.37142857147,418962.84966666665,79632.0,146970.0,340079.77999999997,167955.07333333328,240425.57499999998,251427.10708206292,0,0,0,0,0,0
2017-09-20,224564.68,67.0,300222.69,71.0,2,9,20,38,283536.0,210777.2,211541.22,298253.05,417078.05700000003,277263.22,79632.0,465145.6,213477.07333333328,213284.45785714287,239556.95343839616,0,0,0,0,0,0
2017-09-21,842492.07,140.0,304449.0671428571,73.71428571428571,3,9,21,38,224564.68,812907.43,115594.5,300222.69,409058.69299999997,283536.0,277263.22,676815.94,261787.96666666665,214214.70500000002,238773.2532522723,0,0,0,0,0,0
2017-09-22,223499.84,89.0,296851.1157142857,76.0,4,9,22,38,842492.07,276685.5,143667.1,304449.0671428571,414581.23066666664,224564.68,283536.0,586127.82,450197.58333333326,266135.96,249386.38054983522,0,0,0,0,0,0
2017-09-23,174410.99,66.0,300771.2571428571,77.28571428571429,5,9,23,38,223499.84,146970.0,154995.0,296851.1157142857,402493.6313333333,842492.07,224564.68,1084975.04,430185.52999999997,271838.2985714286,251176.98291431786,1,0,0,0,0,0
2017-09-24,74524.73999999999,34.0,300041.64857142855,76.85714285714286,6,9,24,38,174410.99,79632.0,61943.0,300771.2571428571,372141.4963333334,223499.84,842492.07,937170.48,413467.6333333333,273225.15499999997,248649.32584232892,1,0,0,0,0,0
2017-09-25,95394.76,59.0,274060.44,73.14285714285714,0,9,25,39,74524.73999999999,277263.22,112473.99,300041.64857142855,343386.6383333333,174410.99,223499.84,470931.0,157478.52333333323,274123.85071428574,249412.6809860764,0,0,0,1,0,0
2017-09-26,447577.37,60.0,297494.9214285714,73.57142857142857,1,9,26,39,95394.76,283536.0,97996.25,274060.44,330868.7636666667,74524.73999999999,174410.99,266989.99,114776.82999999991,272903.9057142857,261367.0606707272,0,0,0,1,0,0
2017-09-27,222693.0,60.0,297227.53857142857,72.57142857142857,2,9,27,39,447577.37,224564.68,210777.2,297494.9214285714,336888.343,95394.76,74524.73999999999,776525.72,205832.28999999992,297873.9857142857,269583.183434001,0,0,0,1,0,0
2017-09-28,765022.9,91.0,286160.5142857143,65.57142857142857,3,9,28,39,222693.0,842492.07,812907.43,297227.53857142857,318427.25233333337,447577.37,95394.76,465527.29,255221.70999999993,298725.1142857143,269668.4889581687,0,0,0,1,0,0
2017-09-29,10091.0,14.0,255673.53714285712,54.857142857142854,4,9,29,39,765022.9,223499.84,276685.5,286160.5142857143,328410.43933333334,222693.0,447577.37,387806.7,478431.0899999999,295304.7907142857,243922.2216801141,0,0,0,1,0,0
2017-09-30,0.0,0.0,230757.68142857144,45.42857142857143,5,9,30,39,10091.0,174410.99,146970.0,255673.53714285712,315819.916,765022.9,222693.0,1185064.6099999999,332602.29999999993,276262.3264285714,265446.20533641835,1,0,0,1,0,0
2017-10-01,1540.0,2.0,220331.28999999998,40.857142857142854,6,10,1,39,0.0,74524.73999999999,79632.0,230757.68142857144,276317.7623333333,10091.0,765022.9,184069.52,258371.29999999993,265764.46928571427,282013.5589323659,1,0,0,0,1,0
2017-10-02,17239.0,8.0,209166.18142857144,33.57142857142857,0,10,2,40,1540.0,95394.76,277263.22,220331.28999999998,270233.445,0.0,10091.0,617046.98,3876.9999999999222,260186.46928571427,289988.7729305822,0,0,0,0,1,0
2017-10-03,221480.94,53.0,176866.69142857144,32.57142857142857,1,10,3,40,17239.0,447577.37,283536.0,209166.18142857144,250239.84566666666,1540.0,0.0,417562.5,6259.666666666589,241613.31071428568,297020.10446484084,0,0,0,0,1,0
2017-10-04,2100900.77,351.0,445182.0871428572,74.14285714285714,2,10,4,40,221480.94,222693.0,224564.68,176866.69142857144,243703.79366666666,17239.0,1540.0,341088.47,80086.6466666666,237180.8064285714,278488.36414969596,0,0,0,0,1,0
2017-10-05,1666746.95,179.0,573999.8085714286,86.71428571428571,3,10,5,40,2100900.77,765022.9,842492.07,445182.0871428572,302364.20366666664,221480.94,17239.0,663511.64,779873.57,371204.8128571428,781151.8885281271,0,0,0,0,1,0
2017-10-06,406371.21,110.0,630611.2671428572,100.42857142857143,4,10,6,40,1666746.95,10091.0,223499.84,573999.8085714286,335805.38066666666,2100900.77,221480.94,211541.22,1329709.5533333335,430080.1614285714,906913.6460937244,0,0,0,0,0,0
2017-10-07,431786.6,86.0,692295.0671428571,112.71428571428571,5,10,7,40,406371.21,0.0,174410.99,630611.2671428572,342299.71366666665,1666746.95,2100900.77,115594.5,1391339.6433333333,443142.40214285714,877745.822244834,1,0,0,0,0,0
2017-10-08,315729.44,79.0,737179.2728571428,123.71428571428571,6,10,8,40,431786.6,1540.0,74524.73999999999,692295.0671428571,352839.45033333334,406371.21,1666746.95,143667.1,834968.2533333333,461526.37428571424,840421.7999065929,1,0,0,0,0,0
2017-10-09,317380.55,138.0,780056.6371428572,142.28571428571428,0,10,9,41,315729.44,17239.0,95394.76,737179.2728571428,358574.86166666663,431786.6,406371.21,154995.0,384629.0833333333,478755.28142857144,805026.8914611037,0,0,0,0,0,0
2017-10-10,6449084.58,775.0,1669714.3,245.42857142857142,1,10,10,41,317380.55,221480.94,447577.37,780056.6371428572,363987.71333333326,315729.44,431786.6,61943.0,354965.53,494611.40928571427,767404.4423148511,0,0,0,0,0,0
2017-10-11,485669.8,111.0,1438967.0185714287,211.14285714285714,2,10,11,41,6449084.58,2100900.77,222693.0,1669714.3,576892.4326666666,317380.55,315729.44,112473.99,2360731.5233333334,923290.4957142856,2229308.307390463,0,0,0,0,0,0
2017-10-12,1250520.855,200.0,1379506.1478571428,214.14285714285714,3,10,12,41,485669.8,1666746.95,765022.9,1438967.0185714287,589332.293,6449084.58,317380.55,97996.25,2417378.31,942074.5528571429,2260612.8456410244,0,0,0,0,0,0
2017-10-13,435562.21,135.0,1383676.2907142858,217.71428571428572,4,10,13,41,1250520.855,406371.21,10091.0,1379506.1478571428,627749.7798333333,485669.8,6449084.58,210777.2,2728425.0783333336,976752.9782142856,2259096.4905113336,0,0,0,0,0,0
2017-10-14,241675.83000000002,70.0,1356517.6092857143,215.42857142857142,5,10,14,41,435562.21,431786.6,0.0,1383676.2907142858,635242.6135000001,1250520.855,485669.8,812907.43,723917.6216666667,1007143.7789285714,2257026.75144915,1,0,0,0,0,0
2017-10-15,217142.36,49.0,1342433.7407142858,211.14285714285714,6,10,15,41,241675.83000000002,315729.44,1540.0,1356517.6092857143,616201.5601666666,435562.21,1250520.855,276685.5,642586.2983333333,1024406.3382142857,2271487.267984259,1,0,0,0,0,0
2017-10-16,306016.85,74.0,1340810.355,202.0,0,10,16,42,217142.36,317380.55,17239.0,1342433.7407142858,614216.7888333334,241675.83000000002,435562.21,146970.0,298126.8,1039806.5067857142,2279308.151960801,0,0,0,0,0,0
2017-10-17,519486.98,172.0,493724.9835714285,115.85714285714286,1,10,17,42,306016.85,6449084.58,221480.94,1340810.355,619518.3505,217142.36,241675.83000000002,79632.0,254945.01333333334,1060433.4960714285,2280163.7875916525,0,0,0,0,0,0
2017-10-18,1077608.06,206.0,578287.5921428573,129.42857142857142,2,10,18,42,519486.98,485669.8,2100900.77,493724.9835714285,634180.1831666667,306016.85,217142.36,277263.22,347548.73,1081719.6417857143,354050.96915791836,0,0,0,0,0,0
2017-10-19,1378144.76,231.0,596519.5785714285,133.85714285714286,3,10,19,42,1077608.06,1250520.855,1666746.95,578287.5921428573,660858.3444999999,519486.98,306016.85,283536.0,634370.63,1008627.3053571429,416915.5090559827,0,0,0,0,0,0
2017-10-20,490628.14,125.0,604386.1399999999,132.42857142857142,4,10,20,42,1378144.76,435562.21,406371.21,596519.5785714285,697345.3031666667,1077608.06,519486.98,224564.68,991746.6,988012.8632142858,452485.4218877153,0,0,0,0,0,0
2017-10-21,224368.5,69.0,601913.6642857142,132.28571428571428,5,10,21,42,490628.14,241675.83000000002,431786.6,604386.1399999999,706214.0851666667,1378144.76,1077608.06,842492.07,982126.9866666667,994031.2153571428,449690.7983770151,1,0,0,0,0,0
2017-10-22,205333.99,66.0,600226.7542857144,134.71428571428572,6,10,22,42,224368.5,217142.36,315729.44,601913.6642857142,685609.9661666666,490628.14,1378144.76,223499.84,697713.7999999999,979215.6367857143,452058.75920568715,1,0,0,0,0,0
2017-10-23,253435.96,81.0,592715.1985714285,135.71428571428572,0,10,23,43,205333.99,306016.85,317380.55,600226.7542857144,685004.4378333333,224368.5,490628.14,174410.99,306776.87666666665,971330.2475000002,453752.73965103313,0,0,0,0,0,0
2017-10-24,260560.26,95.0,555725.6671428572,124.71428571428571,1,10,24,43,253435.96,519486.98,6449084.58,592715.1985714285,687638.6035,205333.99,224368.5,74524.73999999999,227712.81666666665,966762.7767857143,459829.44580602844,0,0,0,0,0,0
2017-10-25,264127.76,102.0,439514.1957142857,109.85714285714286,2,10,25,43,260560.26,1077608.06,485669.8,555725.6671428572,693839.7875,253435.96,205333.99,95394.76,239776.73666666666,524725.3253571428,476802.83635845134,0,0,0,1,0,0
2017-10-26,1601984.175,209.0,471491.255,106.71428571428571,3,10,26,43,264127.76,1378144.76,1250520.855,439514.1957142857,699464.2208333333,260560.26,253435.96,447577.37,259374.66,508900.8939285715,424691.65940154565,0,0,0,1,0,0
2017-10-27,453587.84,147.0,466199.78357142856,109.85714285714286,4,10,27,43,1601984.175,490628.14,435562.21,471491.255,737944.4476666667,264127.76,260560.26,222693.0,708890.7316666668,534005.4167857143,507498.6738368068,0,0,0,1,0,0
2017-10-28,301808.5,61.0,477262.6407142857,108.71428571428571,5,10,28,43,453587.84,224368.5,241675.83000000002,466199.78357142856,745640.9423333333,1601984.175,264127.76,765022.9,773233.2583333333,535292.9617857143,507458.98650181724,1,0,0,1,0,0
2017-10-29,197516.0,56.0,476145.78500000003,107.28571428571429,6,10,29,43,301808.5,205333.99,217142.36,477262.6407142857,730200.4623333333,453587.84,1601984.175,10091.0,785793.505,539588.1525,502124.34625831194,1,0,0,1,0,0
2017-10-30,169499.63999999998,66.0,464154.8821428572,105.14285714285714,0,10,30,44,197516.0,253435.96,306016.85,476145.78500000003,736447.9623333333,301808.5,453587.84,0.0,317637.4466666667,538186.2696428571,502838.180560581,0,0,0,1,0,0
2017-10-31,161378.52,68.0,449986.0621428572,101.28571428571429,1,10,31,44,169499.63999999998,260560.26,519486.98,464154.8821428572,742097.9503333333,197516.0,301808.5,1540.0,222941.38,528435.0403571429,509984.1721088635,0,0,0,1,0,0
2017-11-01,188196.26,77.0,439138.7050000001,97.71428571428571,2,11,1,44,161378.52,264127.76,1077608.06,449986.0621428572,747425.9010000001,169499.63999999998,197516.0,17239.0,176131.38666666663,502855.86464285717,517899.7010192548,0,0,0,0,1,0
2017-11-02,1155936.05,154.0,375417.5442857143,89.85714285714286,3,11,2,44,188196.26,1601984.175,1378144.76,439138.7050000001,753124.4763333334,161378.52,169499.63999999998,221480.94,173024.80666666667,439326.45035714284,523209.2535220619,0,0,0,0,1,0
2017-11-03,3360894.52,421.0,790747.0700000001,129.0,4,11,3,44,1155936.05,453587.84,490628.14,375417.5442857143,784272.98,188196.26,161378.52,2100900.77,501836.94333333336,423454.3996428572,359549.1807497224,0,0,0,0,1,0
2017-11-04,473629.8,123.0,815292.97,137.85714285714286,5,11,4,44,3360894.52,301808.5,224368.5,790747.0700000001,826272.7716666666,1155936.05,188196.26,1666746.95,1568342.2766666666,628473.4267857143,1188495.2358020097,1,0,0,0,1,0
2017-11-05,382147.0,58.0,841668.8271428571,138.14285714285714,6,11,5,44,473629.8,197516.0,205333.99,815292.97,786502.2,3360894.52,1155936.05,406371.21,1663486.79,646277.8053571429,1178446.044755224,1,0,0,0,1,0
2017-11-06,196710.0,64.0,845556.0214285713,137.85714285714286,0,11,6,45,382147.0,169499.63999999998,253435.96,841668.8271428571,785694.7263333333,473629.8,3360894.52,431786.6,1405557.1066666667,658907.3060714286,1164295.7619794682,0,0,0,0,0,0
2017-11-07,221462.0,85.0,854139.3757142856,140.28571428571428,1,11,7,45,196710.0,161378.52,260560.26,845556.0214285713,777858.8396666666,382147.0,473629.8,315729.44,350828.93333333335,654855.4517857142,1161720.1634350528,0,0,0,0,0,1
2017-11-08,266262.0,73.0,865291.6242857144,139.71428571428572,2,11,8,45,221462.0,188196.26,264127.76,854139.3757142856,774716.5916666667,196710.0,382147.0,317380.55,266773.0,652062.7189285714,1156030.6516348433,0,0,0,0,0,1
2017-11-09,1195953.45,167.0,871008.3957142858,141.57142857142858,3,11,9,45,266262.0,1155936.05,1601984.175,865291.6242857144,773012.64,221462.0,196710.0,6449084.58,228144.66666666666,652215.1646428572,1148890.0565391912,0,0,0,0,0,1
2017-11-10,9120491.2,924.0,1693807.9214285712,213.42857142857142,4,11,10,45,1195953.45,3360894.52,453587.84,871008.3957142858,597908.269,266262.0,221462.0,485669.8,561225.8166666667,623212.97,1150675.4873076875,0,0,0,0,0,1
2017-11-11,1576120.21,397.0,1851306.5514285713,252.57142857142858,5,11,11,45,9120491.2,473629.8,301808.5,1693807.9214285712,885735.649,1195953.45,266262.0,1250520.855,3527568.883333333,1242277.4957142856,3292915.7462708293,1,0,0,0,0,1
2017-11-12,388977.0,134.0,1852282.2657142857,263.42857142857144,6,11,12,45,1576120.21,382147.0,197516.0,1851306.5514285713,896588.9608333333,9120491.2,1195953.45,435562.21,3964188.2866666666,1333299.7607142855,3250926.5267119217,1,0,0,0,0,1
2017-11-13,456390.02,155.0,1889379.4114285712,276.42857142857144,0,11,13,46,388977.0,196710.0,169499.63999999998,1852282.2657142857,895036.1205000001,1576120.21,9120491.2,241675.83000000002,3695196.1366666667,1346975.5464285712,3250413.075230448,0,0,0,0,0,1
2017-11-14,400515.47000000003,150.0,1914958.4785714282,285.7142857142857,1,11,14,46,456390.02,221462.0,161378.52,1889379.4114285712,902193.2601666667,388977.0,1576120.21,217142.36,807162.41,1367467.7164285711,3229785.1632597344,0,0,0,0,0,1
2017-11-15,1164767.31,227.0,2043316.3799999997,307.7142857142857,2,11,15,46,400515.47000000003,266262.0,188196.26,1914958.4785714282,908305.6971666666,456390.02,388977.0,306016.85,415294.16333333333,1384548.927142857,3215049.5208442383,0,0,0,0,0,1
2017-11-16,931496.5904999999,278.0,2005536.828642857,323.57142857142856,3,11,16,46,1164767.31,1195953.45,1155936.05,2043316.3799999997,936930.7125,400515.47000000003,456390.02,519486.98,673890.9333333333,1454304.002142857,3155643.5419688774,0,0,0,0,0,0
2017-11-17,48744004.521,4877.0,7666038.731642857,888.2857142857143,4,11,17,46,931496.5904999999,9120491.2,3360894.52,2005536.828642857,950664.3661833332,1164767.31,400515.47000000003,1077608.06,832259.7901666667,1438272.6121785715,3169033.639021516,0,0,0,0,0,0
2017-11-18,25113613.677,2818.0,11028537.798357142,1234.142857142857,5,11,18,46,48744004.521,1576120.21,473629.8,7666038.731642857,2539544.2482166667,931496.5904999999,1164767.31,1378144.76,16946756.140499998,4679923.326535714,18119186.236314308,1,0,0,0,0,0
2017-11-19,13818416.28,1644.0,12947029.124071429,1449.857142857143,6,11,19,46,25113613.677,388977.0,382147.0,11028537.798357142,3330726.54545,48744004.521,931496.5904999999,490628.14,24929704.9295,6439922.174892858,18964947.593105707,1,0,0,0,0,0
2017-11-20,14458923.789,1860.0,14947391.091071429,1693.4285714285713,0,11,20,47,13818416.28,456390.02,196710.0,12947029.124071429,3774986.150116666,25113613.677,48744004.521,224368.5,29225344.826,7399655.694892856,18379491.870233994,0,0,0,0,0,0
2017-11-21,21964118.784,2189.0,18027905.850214284,1984.7142857142858,1,11,21,47,14458923.789,400515.47000000003,221462.0,14947391.091071429,4249471.326416667,13818416.28,25113613.677,205333.99,17796984.582,8418385.25125,17536124.394634277,0,0,0,0,0,0
2017-11-22,12421542.9405,1474.0,19636016.654571433,2162.8571428571427,2,11,22,47,21964118.784,1164767.31,266262.0,18027905.850214284,4974764.152883333,14458923.789,13818416.28,253435.96,16747152.951,9971432.164392857,16412849.801386485,0,0,0,0,0,0
2017-11-23,18625653.599,1879.0,22163753.37007143,2391.5714285714284,3,11,23,47,12421542.9405,931496.5904999999,1195953.45,19636016.654571433,5380367.7189,21964118.784,14458923.789,260560.26,16281528.5045,10839666.517285716,14973607.630052298,0,0,0,0,0,0
2017-11-24,59999385.77,4759.0,23771664.97707143,2374.714285714286,4,11,24,47,18625653.599,48744004.521,9120491.2,22163753.37007143,5992537.496866667,12421542.9405,21964118.784,264127.76,17670438.441166665,12084645.099357141,12594239.060705284,0,0,0,0,0,0
2017-11-25,24500987.149,1865.0,23684146.901642855,2238.5714285714284,5,11,25,47,59999385.77,25113613.677,1576120.21,23771664.97707143,7983712.763866667,18625653.599,12421542.9405,1601984.175,30348860.769833338,15718851.854357142,16626368.689593531,1,0,0,1,0,0
2017-11-26,28187411.1935,1986.0,25736860.460714284,2287.4285714285716,6,11,26,47,24500987.149,13818416.28,388977.0,23684146.901642855,8747012.863,59999385.77,18625653.599,453587.84,34375342.17266666,17356342.349999998,16619738.683446642,1,0,0,1,0,0
2017-11-27,4243282.82,659.0,24277483.17942857,2115.8571428571427,0,11,27,48,28187411.1935,14458923.789,456390.02,25736860.460714284,9671473.641449999,24500987.149,59999385.77,301808.5,37562594.70416667,19341944.792392857,16076616.566360392,0,0,0,1,0,0
2017-11-28,2396959.51,339.0,21482174.71171429,1851.5714285714287,1,11,28,48,4243282.82,21964118.784,400515.47000000003,24277483.17942857,9802856.118783332,28187411.1935,24500987.149,197516.0,18977227.054166667,19612437.135250002,17657005.93349528,0,0,0,1,0,0
2017-11-29,962187.05,242.0,19845123.870214283,1675.5714285714287,2,11,29,48,2396959.51,12421542.9405,1164767.31,21482174.71171429,9876170.902449999,4243282.82,28187411.1935,169499.63999999998,11609217.841166668,19755040.280964285,19533426.76212406,0,0,0,1,0,0
2017-11-30,4087013.82,431.0,17768175.330357146,1468.7142857142858,3,11,30,48,962187.05,18625653.599,931496.5904999999,19845123.870214283,9902593.816116666,2396959.51,4243282.82,161378.52,2534143.1266666665,19740570.262392856,20854831.030112922,0,0,0,1,0,0
2017-12-01,617563.28,221.0,9285057.831785714,820.4285714285714,4,12,1,48,4087013.82,59999385.77,48744004.521,17768175.330357146,10033448.326116668,962187.05,2396959.51,188196.26,2482053.46,19965964.350214284,21703220.88891858,0,0,0,0,1,0
2017-12-02,638566.05,158.0,5876140.531928572,576.5714285714286,5,12,2,48,617563.28,24500987.149,25113613.677,9285057.831785714,10047760.560116667,4087013.82,962187.05,1155936.05,1888921.3833333335,16528361.404428571,11783492.427697489,1,0,0,0,1,0
2017-12-03,521842.58,173.0,1923916.4442857143,317.57142857142856,6,12,3,48,638566.05,28187411.1935,13818416.28,5876140.531928572,10030514.89345,617563.28,4087013.82,3360894.52,1781047.7166666668,14780143.716785714,9958216.522105368,1,0,0,0,1,0
2017-12-04,576060.6,163.0,1400027.5557142857,246.71428571428572,0,12,4,49,521842.58,4243282.82,14458923.789,1923916.4442857143,9935879.828783333,638566.05,617563.28,473629.8,592657.3033333333,13830388.4525,1659901.5612535358,0,0,0,0,1,0
2017-12-05,606245.0,186.0,1144211.1971428571,224.85714285714286,1,12,5,49,576060.6,2396959.51,21964118.784,1400027.5557142857,9939294.18878333,521842.58,638566.05,382147.0,578823.0766666667,12838755.367571428,1356937.555521774,0,0,0,0,1,0
2017-12-06,545865.95,182.0,1084736.7542857144,216.28571428571428,2,12,6,49,606245.0,962187.05,12421542.9405,1144211.1971428571,9946764.122116664,576060.6,521842.58,196710.0,568049.3933333333,11313192.954428572,1305488.4486022592,0,0,0,0,0,0
2017-12-07,2875364.1825,419.0,911643.9489285714,214.57142857142858,3,12,7,49,545865.95,4087013.82,18625653.599,1084736.7542857144,9958402.653783333,606245.0,576060.6,221462.0,576057.1833333332,10464930.31225,1324507.7271554382,0,0,0,0,0,0
2017-12-08,1352822.77,331.0,1016681.0189285715,230.28571428571428,4,12,8,49,2875364.1825,617563.28,59999385.77,911643.9489285714,10046866.059866665,545865.95,606245.0,266262.0,1342491.7108333334,9339909.639642859,866879.0273409239,0,0,0,0,0,0
2017-12-09,580485.78,183.0,1008383.8375,233.85714285714286,5,12,9,49,1352822.77,638566.05,24500987.149,1016681.0189285715,10083084.7522,2875364.1825,545865.95,1195953.45,1591350.9675,5150869.425357142,869846.8541517792,1,0,0,0,0,0
2017-12-10,351404.85,131.0,984035.5903571428,227.85714285714286,6,12,10,49,580485.78,521842.58,28187411.1935,1008383.8375,10062569.163199998,1352822.77,2875364.1825,9120491.2,1602890.9108333334,3442262.184714285,874320.1885145748,1,0,0,0,0,0
2017-12-11,785319.9,185.0,1013929.7760714286,231.0,0,12,11,50,351404.85,576060.6,4243282.82,984035.5903571428,9770266.284866666,580485.78,1352822.77,1576120.21,761571.1333333333,1453976.0173214285,892315.7033863544,0,0,0,0,0,0
2017-12-12,406042.43,183.0,985329.4089285715,230.57142857142858,1,12,12,50,785319.9,606245.0,2396959.51,1013929.7760714286,9743906.274533333,351404.85,580485.78,388977.0,572403.51,1206978.6658928574,879787.1507283138,0,0,0,0,0,0
2017-12-13,510711.4,218.0,980307.3303571428,235.71428571428572,2,12,13,50,406042.43,545865.95,962187.05,985329.4089285715,9744475.122200001,785319.9,351404.85,456390.02,514255.7266666666,1064770.3030357142,898308.3050367766,0,0,0,0,0,0
2017-12-14,458024.22,164.0,634973.0499999999,199.28571428571428,3,12,14,50,510711.4,2875364.1825,4087013.82,980307.3303571428,9746285.834866667,406042.43,785319.9,400515.47000000003,567357.91,1032522.0423214285,901268.0362635277,0,0,0,0,0,0
2017-12-15,923880.42,282.0,573695.5714285715,192.28571428571428,4,12,15,50,458024.22,1352822.77,617563.28,634973.0499999999,9748202.7932,510711.4,406042.43,1164767.31,458259.35000000003,773308.4994642858,346519.1811247338,0,0,0,0,0,0
2017-12-16,463932.72000000003,131.0,557045.1342857142,184.85714285714286,5,12,16,50,923880.42,580485.78,638566.05,573695.5714285715,9740173.2302,458024.22,510711.4,931496.5904999999,630872.0133333333,795188.2951785715,209096.4688048209,1,0,0,0,0,0
2017-12-17,171034.52,89.0,531277.9442857143,178.85714285714286,6,12,17,50,463932.72000000003,351404.85,521842.58,557045.1342857142,9724587.76785,923880.42,458024.22,48744004.521,615279.12,782714.4858928571,213068.50104360897,1,0,0,0,0,0
2017-12-18,209909.32,89.0,449076.4328571428,165.14285714285714,0,12,18,51,171034.52,785319.9,576060.6,531277.9442857143,8105488.7678166665,463932.72000000003,923880.42,25113613.677,519615.88666666666,757656.7673214286,249819.18397061876,0,0,0,0,0,0
2017-12-19,206021.81,103.0,420502.0585714286,153.71428571428572,1,12,19,51,209909.32,406042.43,606245.0,449076.4328571428,7275365.28925,171034.52,463932.72000000003,13818416.28,281625.52,731503.1044642857,246947.56735072294,0,0,0,0,0,0
2017-12-20,197847.21,102.0,375807.17428571434,137.14285714285714,2,12,20,51,206021.81,510711.4,545865.95,420502.0585714286,6821618.806916666,209909.32,171034.52,14458923.789,195655.21666666667,702915.7337499999,263757.0745819652,0,0,0,0,0,0
2017-12-21,247598.96,99.0,345746.42285714287,127.85714285714286,3,12,21,51,197847.21,458024.22,2875364.1825,375807.17428571434,6346249.587616666,206021.81,209909.32,21964118.784,204592.78,678057.2523214286,272292.9775977873,0,0,0,0,0,0
2017-12-22,698562.1900000001,203.0,313558.1042857143,116.57142857142857,4,12,22,51,247598.96,923880.42,1352822.77,345746.42285714287,5622365.5934833335,197847.21,206021.81,12421542.9405,217155.99333333332,490359.7364285714,273316.9576589328,0,0,0,0,0,0
2017-12-23,411054.29,117.0,306004.0428571429,114.57142857142857,5,12,23,51,698562.1900000001,463932.72000000003,580485.78,313558.1042857143,5231599.568466666,247598.96,197847.21,18625653.599,381336.11999999994,443626.83785714285,196299.25623421877,1,0,0,0,0,0
2017-12-24,243291.04,92.0,316326.4028571429,115.0,6,12,24,51,411054.29,171034.52,351404.85,306004.0428571429,4624446.258166667,698562.1900000001,247598.96,59999385.77,452405.14666666667,431524.5885714286,190479.18620232237,1,0,0,0,0,0
2017-12-25,260865.2,87.0,323605.8142857143,114.71428571428571,0,12,25,52,243291.04,209909.32,785319.9,316326.4028571429,2632576.433833333,411054.29,698562.1900000001,24500987.149,450969.17333333334,423802.1735714286,183786.2041762483,0,0,0,1,0,0
2017-12-26,323240.82,90.0,340351.38714285713,112.85714285714286,1,12,26,52,260865.2,206021.81,406042.43,323605.8142857143,1824572.3688666667,243291.04,411054.29,28187411.1935,305070.1766666667,386341.1235714286,179835.40333519515,0,0,0,1,0,0
2017-12-27,418090.0,78.0,371814.64285714284,109.42857142857143,2,12,27,52,323240.82,197847.21,510711.4,340351.38714285713,895766.68975,260865.2,243291.04,4243282.82,275799.02,380426.7228571428,172363.89289386288,0,0,0,1,0,0
2017-12-28,211011.26,60.0,366587.82857142854,103.85714285714286,3,12,28,52,418090.0,247598.96,458024.22,371814.64285714284,768260.2624166666,323240.82,260865.2,2396959.51,334065.34,373810.9085714286,161793.1630436187,0,0,0,1,0,0
2017-12-29,725876.14,210.0,370489.8214285714,104.85714285714286,4,12,29,52,211011.26,698562.1900000001,923880.42,366587.82857142854,695395.32075,418090.0,323240.82,962187.05,317447.36000000004,356167.12571428576,166982.59420447945,0,0,0,1,0,0
2017-12-30,182542.59,77.0,337845.2928571429,99.14285714285714,5,12,30,52,725876.14,411054.29,463932.72000000003,370489.8214285714,687518.2904166668,211011.26,418090.0,4087013.82,451659.1333333333,342023.9628571429,176103.02659193237,1,0,0,1,0,0
2017-12-31,143334.75,60.0,323565.8228571429,94.57142857142857,6,12,31,52,182542.59,243291.04,171034.52,337845.2928571429,557369.2494166667,725876.14,211011.26,617563.28,373143.33,321924.6678571429,188101.34007171966,1,0,0,1,0,0
2018-01-01,5957516.96,484.0,1137373.2171428571,151.28571428571428,0,1,1,1,143334.75,260865.2,209909.32,323565.8228571429,541561.6317500001,182542.59,725876.14,638566.05,350584.49333333335,319946.11285714287,199899.64420741316,0,0,0,0,1,0
2018-01-02,1232363.0,145.0,1267247.8142857142,159.14285714285714,1,1,2,1,5957516.96,323240.82,206021.81,1137373.2171428571,718859.9954166666,143334.75,182542.59,521842.58,2094464.7666666666,730489.5157142858,2134684.048798689,0,0,0,0,1,0
2018-01-03,1136124.94,156.0,1369824.2342857143,170.28571428571428,2,1,3,1,1232363.0,418090.0,197847.21,1267247.8142857142,742544.0094166666,5957516.96,143334.75,576060.6,2444404.9033333333,803799.6007142857,2104336.6156210974,0,0,0,0,1,0
2018-01-04,457335.6,95.0,1405013.4257142858,175.28571428571428,3,1,4,1,1136124.94,211011.26,247598.96,1369824.2342857143,761212.82075,1232363.0,5957516.96,606245.0,2775334.966666667,870819.4385714286,2073317.2418486057,0,0,0,0,1,0
2018-01-05,1639316.706,289.0,1535504.9351428573,186.57142857142858,4,1,5,1,457335.6,725876.14,698562.1900000001,1405013.4257142858,756249.1740833333,1136124.94,1232363.0,545865.95,941941.18,885800.6271428571,2052355.8153194825,0,0,0,0,1,0
2018-01-06,238039.81,84.0,1543433.1094285713,187.57142857142858,5,1,6,1,1639316.706,182542.59,411054.29,1535504.9351428573,792697.5326166668,457335.6,1136124.94,2875364.1825,1077592.4153333332,952997.3782857143,2030905.4094224754,1,0,0,0,0,0
2018-01-07,259915.82,72.0,1560087.548,189.28571428571428,6,1,7,1,238039.81,143334.75,243291.04,1543433.1094285713,704786.7202,1639316.706,457335.6,1352822.77,778230.7053333333,940639.2011428571,2024842.7652570875,1,0,0,0,0,0
2018-01-08,470048.49,105.0,776163.4808571428,135.14285714285714,0,1,8,2,259915.82,5957516.96,260865.2,1560087.548,668356.4885333333,238039.81,1639316.706,580485.78,712424.1119999998,941826.6854285715,2011845.2959079796,0,0,0,0,0,0
2018-01-09,316556.5,89.0,645333.9808571428,127.14285714285714,1,1,9,2,470048.49,1232363.0,323240.82,776163.4808571428,664675.2455333333,259915.82,238039.81,351404.85,322668.04,956768.349,552896.9284783375,0,0,0,0,0,0
2018-01-10,276304.8,83.0,522502.53228571423,116.71428571428571,2,1,10,2,316556.5,1136124.94,418090.0,645333.9808571428,663513.6338666666,470048.49,259915.82,785319.9,348840.27,956290.8975714286,535019.6492060479,0,0,0,0,0,0
2018-01-11,328125.35,84.0,504043.92514285713,115.14285714285714,3,1,11,2,276304.8,457335.6,211011.26,522502.53228571423,646546.4638666665,316556.5,470048.49,406042.43,354303.26333333337,946163.3832857142,501193.57000065636,0,0,0,0,0,0
2018-01-12,767958.7,199.0,379564.20999999996,102.28571428571429,4,1,12,2,328125.35,1639316.706,725876.14,504043.92514285713,643949.2278666666,276304.8,316556.5,510711.4,306995.55,954528.6754285713,506346.5029579119,0,0,0,0,0,0
2018-01-13,392257.1,90.0,401595.2514285714,103.14285714285714,5,1,13,2,767958.7,238039.81,182542.59,379564.20999999996,652524.1378666667,328125.35,276304.8,458024.22,457462.94999999995,957534.5725714286,187377.0758856323,1,0,0,0,0,0
2018-01-14,264046.65,72.0,402185.37,103.14285714285714,6,1,14,2,392257.1,259915.82,143334.75,401595.2514285714,650331.9005333334,767958.7,328125.35,923880.42,496113.7166666666,972514.1804285714,176727.3783547698,1,0,0,0,0,0
2018-01-15,158159.9,84.0,357629.85714285716,100.14285714285714,0,1,15,3,264046.65,470048.49,5957516.96,402185.37,628337.4415333333,392257.1,767958.7,463932.72000000003,474754.14999999997,981136.459,176181.49559778502,0,0,0,0,0,0
2018-01-16,415747.6,89.0,371800.01428571425,100.14285714285714,1,1,16,3,158159.9,316556.5,1232363.0,357629.85714285716,618145.0142,264046.65,392257.1,171034.52,271487.88333333336,566896.669,194630.49915899622,0,0,0,0,0,0
2018-01-17,269683.02,93.0,370854.04571428575,101.57142857142857,2,1,17,3,415747.6,276304.8,1136124.94,371800.01428571425,626302.1168666667,158159.9,264046.65,209909.32,279318.05,508566.9975714286,194752.52891423146,0,0,0,0,0,0
2018-01-18,209118.7,79.0,353853.0957142857,100.85714285714286,3,1,18,3,269683.02,328125.35,457335.6,370854.04571428575,628294.5735333334,415747.6,158159.9,206021.81,281196.84,446678.289,195308.97132732987,0,0,0,0,0,0
2018-01-19,236503.2,91.0,277930.8814285714,85.42857142857143,4,1,19,3,209118.7,767958.7,1639316.706,353853.0957142857,628397.8031999998,269683.02,415747.6,197847.21,298183.1066666667,428948.51042857143,204606.50046499696,0,0,0,0,0,0
2018-01-20,279240.3,101.0,261785.62428571426,87.0,5,1,20,3,236503.2,392257.1,238039.81,277930.8814285714,629686.3362,209118.7,269683.02,247598.96,238434.97333333336,328747.5457142857,94093.20588667555,1,0,0,0,0,0
2018-01-21,260800.1,63.0,261321.83142857143,85.71428571428571,6,1,21,3,279240.3,264046.65,259915.82,261785.62428571426,630741.0475333333,236503.2,209118.7,698562.1900000001,241620.7333333333,331690.4378571428,79820.35391102164,1,0,0,0,0,0
2018-01-22,288595.95,106.0,279955.5528571429,88.85714285714286,0,1,22,4,260800.1,158159.9,470048.49,261321.83142857143,616148.9778666666,279240.3,236503.2,411054.29,258847.86666666667,331753.6007142857,79814.45846985914,0,0,0,0,0,0
2018-01-23,391314.7,82.0,276465.13857142854,87.85714285714286,1,1,23,4,288595.95,415747.6,316556.5,279955.5528571429,612067.0332,260800.1,279240.3,243291.04,276212.11666666664,318792.705,65692.55553060882,0,0,0,0,0,0
2018-01-24,471326.15,93.0,305271.3,87.85714285714286,2,1,24,4,391314.7,269683.02,276304.8,276465.13857142854,617001.1552,288595.95,260800.1,260865.2,313570.25,324132.5764285714,57400.885235316644,0,0,0,0,0,0
2018-01-25,403933.6,95.0,333102.0,90.14285714285714,3,1,25,4,471326.15,209118.7,328125.35,305271.3,624016.5202,391314.7,288595.95,323240.82,383745.60000000003,338062.67285714287,92992.3131623379,0,0,0,1,0,0
2018-01-26,286825.3,78.0,340290.87142857135,88.28571428571429,4,1,26,4,403933.6,236503.2,767958.7,333102.0,626706.2795333334,471326.15,391314.7,418090.0,422191.48333333334,343477.5478571429,88461.39813575319,0,0,0,1,0,0
2018-01-27,2499094.057,525.0,657412.8367142857,148.85714285714286,5,1,27,4,286825.3,279240.3,392257.1,340290.87142857135,622330.7895333334,403933.6,471326.15,211011.26,387361.68333333335,309110.8764285715,81035.95853624445,1,0,0,1,0,0
2018-01-28,199883.75,57.0,648710.501,148.0,6,1,28,4,2499094.057,260800.1,264046.65,657412.8367142857,698600.2161,286825.3,403933.6,725876.14,1063284.319,459599.2305,815694.0393667017,1,0,0,1,0,0
2018-01-29,316336.5,77.0,652673.4367142858,143.85714285714286,0,1,29,5,199883.75,288595.95,158159.9,648710.501,681067.1364333333,2499094.057,286825.3,182542.59,995267.7023333333,455016.1662142857,820938.6581720161,0,0,0,1,0,0
2018-01-30,234105.95,89.0,630215.0438571429,144.85714285714286,1,1,30,5,316336.5,391314.7,415747.6,652673.4367142858,685526.9334333333,199883.75,2499094.057,143334.75,1005104.769,466314.49478571437,818975.1456922762,0,0,0,1,0,0
2018-01-31,1139517.33,195.0,725670.9267142856,159.42857142857142,2,1,31,5,234105.95,471326.15,269683.02,630215.0438571429,688552.6401,316336.5,199883.75,5957516.96,250108.7333333333,453340.0912142857,829425.64780088,0,0,0,1,0,0
2018-02-01,331759.8,79.0,715360.3838571428,157.14285714285714,3,2,1,5,1139517.33,403933.6,209118.7,725670.9267142856,527952.6524333333,234105.95,316336.5,1232363.0,563319.9266666666,515471.1133571429,846368.8902653886,0,0,0,0,1,0
2018-02-02,262560.02,71.0,711893.9152857142,156.14285714285714,4,2,2,5,331759.8,286825.3,236503.2,715360.3838571428,497932.54576666665,1139517.33,234105.95,1136124.94,568461.0266666667,524231.19192857144,851366.4220675288,0,0,0,0,1,0
2018-02-03,411782.25,75.0,413706.51428571425,91.85714285714286,5,2,3,5,262560.02,2499094.057,279240.3,711893.9152857142,468813.7151,331759.8,1139517.33,457335.6,577945.7166666667,526092.3933571429,853448.9287909587,1,0,0,0,1,0
2018-02-04,200233.94,58.0,413756.5414285714,92.0,6,2,4,5,411782.25,199883.75,260800.1,413706.51428571425,467295.2701,262560.02,331759.8,1639316.706,335367.3566666667,535559.6755,327572.64502643107,1,0,0,0,1,0
2018-02-05,286259.5,47.0,409459.8271428571,87.71428571428571,0,2,5,6,200233.94,316336.5,288595.95,413756.5414285714,419325.8445666667,411782.25,262560.02,238039.81,291525.4033333333,531233.5212142857,327534.5718505793,0,0,0,0,1,0
2018-02-06,358275.0,67.0,427198.2628571428,84.57142857142857,1,2,6,6,286259.5,234105.95,391314.7,409459.8271428571,420933.1675666666,200233.94,411782.25,259915.82,299425.23,531066.6319285715,329218.5123818669,0,0,0,0,0,0
2018-02-07,288832.27,108.0,305671.8257142856,72.14285714285714,2,2,7,6,358275.0,1139517.33,471326.15,427198.2628571428,424211.80689999997,286259.5,200233.94,470048.49,281589.48,528706.6533571428,321449.14397124044,0,0,0,0,0,0
2018-02-08,234877.38,91.0,291831.4799999999,73.85714285714286,3,2,8,6,288832.27,331759.8,403933.6,305671.8257142856,418171.2662333333,358275.0,286259.5,316556.5,311122.25666666665,515671.37621428573,68730.49183911107,0,0,0,0,0,0
2018-02-09,459744.69,123.0,320000.7185714285,81.28571428571429,4,2,9,6,234877.38,262560.02,286825.3,291831.4799999999,415448.62889999995,288832.27,358275.0,276304.8,293994.88333333336,503595.93192857143,72265.33056025916,0,0,0,0,0,0
2018-02-10,375964.14,142.0,314883.8457142856,90.85714285714286,5,2,10,6,459744.69,411782.25,2499094.057,320000.7185714285,421563.2919,234877.38,288832.27,328125.35,327818.11333333334,515947.3169285715,94089.63254614784,1,0,0,0,0,0
2018-02-11,328367.83,161.0,333188.68714285706,105.57142857142857,6,2,11,6,375964.14,200233.94,199883.75,314883.8457142856,423157.91823333333,459744.69,234877.38,767958.7,356862.07,364295.18000000005,89108.48447050343,1,0,0,0,0,0
2018-02-12,373354.07,177.0,345630.7685714285,124.14285714285714,0,2,12,7,328367.83,286259.5,316336.5,333188.68714285706,408504.8892333333,375964.14,459744.69,392257.1,388025.5533333334,373472.61428571434,73409.44358144731,0,0,0,0,0,0
2018-02-13,223210.41,162.0,326335.8271428571,137.71428571428572,1,2,13,7,373354.07,358275.0,234105.95,345630.7685714285,407874.7882333333,328367.83,375964.14,264046.65,359228.68,377545.2978571429,71485.37156168281,0,0,0,0,0,0
2018-02-14,298199.47,140.0,327673.99857142847,142.28571428571428,2,2,14,7,223210.41,288832.27,1139517.33,326335.8271428571,406513.58023333334,373354.07,328367.83,158159.9,308310.76999999996,376767.04500000004,84539.68923439184,0,0,0,0,0,0
2018-02-15,3135998.92,797.0,742119.9328571428,243.14285714285714,3,2,15,7,298199.47,234877.38,331759.8,327673.99857142847,411181.5659,223210.41,373354.07,415747.6,298254.64999999997,316672.91214285715,83918.96608294458,0,0,0,0,0,0
2018-02-16,4715184.49,535.0,1350039.904285714,302.0,4,2,16,7,3135998.92,459744.69,262560.02,742119.9328571428,501856.6098999999,298199.47,223210.41,269683.02,1219136.2666666666,516975.7064285715,1058140.9784765106,0,0,0,0,0,0
2018-02-17,8353273.465,599.0,2489655.522142857,367.2857142857143,5,2,17,7,4715184.49,375964.14,411782.25,1350039.904285714,650039.9922333334,3135998.92,298199.47,209118.7,2716460.96,835020.3114285715,1818264.435196445,1,0,0,0,0,0
2018-02-18,3353743.27,357.0,2921852.0135714286,395.2857142857143,6,2,18,7,8353273.465,328367.83,200233.94,2489655.522142857,921511.8177333333,4715184.49,3135998.92,236503.2,5401485.625,1402269.6839285716,3131610.44176688,1,0,0,0,0,0
2018-02-19,26868415.29,1305.0,6706860.759285714,556.4285714285714,0,2,19,8,3353743.27,373354.07,286259.5,2921852.0135714286,1025419.8200666667,8353273.465,4715184.49,279240.3,5474067.075,1627520.350357143,2989142.303160629,0,0,0,0,0,0
2018-02-20,6357775.47,454.0,7583227.19642857,598.1428571428571,1,2,20,8,26868415.29,223210.41,358275.0,6706860.759285714,1911725.6530666666,3353743.27,8353273.465,260800.1,12858477.341666667,3526245.7639285713,9311899.580634633,0,0,0,0,0,0
2018-02-21,4606886.3,377.0,8198753.886428571,632.0,2,2,21,8,6357775.47,298199.47,288832.27,7583227.19642857,2114958.1654,26868415.29,3353743.27,288595.95,12193311.343333334,3954781.5117857144,8878596.497206924,0,0,0,0,0,0
2018-02-22,6251326.54,458.0,8643800.689285714,583.5714285714286,3,2,22,8,4606886.3,3135998.92,234877.38,8198753.886428571,2258901.1770666665,6357775.47,26868415.29,391314.7,12611025.686666667,4263213.942500001,8427254.584338188,0,0,0,0,0,0
2018-02-23,6509923.47,438.0,8900191.972142857,569.7142857142857,4,2,23,8,6251326.54,4715184.49,459744.69,8643800.689285714,2454234.9050666667,4606886.3,6357775.47,471326.15,5738662.77,4692960.3110714285,8194370.402883121,0,0,0,0,0,0
2018-02-24,3586976.73,271.0,8219292.438571428,522.8571428571429,5,2,24,8,6509923.47,8353273.465,375964.14,8900191.972142857,2655521.4824,6251326.54,4606886.3,403933.6,5789378.7700000005,5125115.938214286,8078216.481316712,1,0,0,0,0,0
2018-02-25,2469035.27,234.0,8092905.581428572,505.2857142857143,6,2,25,8,3586976.73,3353743.27,328367.83,8219292.438571428,2761622.920066667,6509923.47,6251326.54,286825.3,5449408.913333333,5354473.980357143,8328978.091041151,1,0,0,1,0,0
2018-02-26,19059545.475,980.0,6977352.750714285,458.85714285714283,0,2,26,9,2469035.27,26868415.29,373354.07,8092905.581428572,2834363.2524,3586976.73,6509923.47,2499094.057,4188645.1566666663,5507378.7975,8421315.51061128,0,0,0,1,0,0
2018-02-27,20051325.84,1242.0,8933574.232142856,571.4285714285714,1,2,27,9,19059545.475,6357775.47,223210.41,6977352.750714285,3386378.299666667,2469035.27,3586976.73,199883.75,8371852.491666667,6842106.755,5545982.757627102,0,0,0,1,0,0
2018-02-28,3183327.91,289.0,8730208.747857142,558.8571428571429,2,2,28,9,20051325.84,4606886.3,298199.47,8933574.232142856,4048093.036,19059545.475,2469035.27,316336.5,13859968.861666666,8258400.714285715,7397125.876865445,0,0,0,1,0,0
2018-03-01,2507536.5,269.0,8195381.599285713,531.8571428571429,3,3,1,9,3183327.91,6251326.54,3135998.92,8730208.747857142,4143659.4163333336,20051325.84,19059545.475,234105.95,14098066.408333331,8464481.317142857,7553811.720923084,0,0,0,0,1,0
2018-03-02,12858515.87,800.0,9102323.370714286,583.5714285714286,4,3,2,9,2507536.5,6509923.47,4715184.49,8195381.599285713,4219440.434666666,3183327.91,20051325.84,1139517.33,8580730.083333334,8419591.144285714,7883896.471529875,0,0,0,0,1,0
2018-03-03,1387220.05,223.0,8788072.416428572,576.7142857142857,5,3,3,9,12858515.87,3586976.73,8353273.465,9102323.370714286,4610073.719333334,2507536.5,3183327.91,331759.8,6183126.760000001,9001257.671428572,8021649.7672092365,1,0,0,0,1,0
2018-03-04,2268621.05,270.0,8759441.813571427,581.8571428571429,6,3,4,9,1387220.05,2469035.27,3353743.27,8788072.416428572,4645255.727666666,12858515.87,2507536.5,262560.02,5584424.14,8503682.4275,8311575.1111805905,1,0,0,0,1,0
2018-03-05,3582849.59,304.0,6548485.258571428,485.2857142857143,0,3,5,10,2268621.05,19059545.475,26868415.29,8759441.813571427,4712124.428666667,1387220.05,12858515.87,411782.25,5504785.656666666,8426173.697500002,8337275.360833051,0,0,0,0,1,0
2018-03-06,3355849.82,300.0,4163417.255714285,350.7142857142857,1,3,6,10,3582849.59,20051325.84,6357775.47,6548485.258571428,4817826.673333334,2268621.05,1387220.05,200233.94,2412896.8966666665,6762919.004642857,7112754.178825609,0,0,0,0,0,0
2018-03-07,2964593.75,281.0,4132169.518571428,349.57142857142856,2,3,7,10,3355849.82,3183327.91,4606886.3,4163417.255714285,4923013.869333333,3582849.59,2268621.05,286259.5,3069106.82,6548495.743928572,3907130.312620424,0,0,0,0,0,0
2018-03-08,2343023.9,264.0,4108667.7185714277,348.85714285714283,3,3,8,10,2964593.75,2507536.5,6251326.54,4132169.518571428,5012291.677666667,3355849.82,3582849.59,358275.0,3301097.72,6431189.1332142865,3917136.951982464,0,0,0,0,0,0
2018-03-09,4161982.48,322.0,2866305.8057142855,280.57142857142856,4,3,9,10,2343023.9,12858515.87,6509923.47,4108667.7185714277,5078449.974333334,2964593.75,3355849.82,288832.27,2887822.4899999998,6152024.658928571,3928984.4884040323,0,0,0,0,0,0
2018-03-10,2912043.0,250.0,3084137.655714285,284.42857142857144,5,3,10,10,4161982.48,1387220.05,3586976.73,2866305.8057142855,5207554.981333333,2343023.9,2964593.75,234877.38,3156533.3766666665,5984314.588214286,936329.0548572119,1,0,0,0,0,0
2018-03-11,1541038.7,171.0,2980197.32,270.2857142857143,6,3,11,10,2912043.0,2268621.05,2469035.27,3084137.655714285,5296793.835333333,4161982.48,2343023.9,459744.69,3139016.4599999995,5936105.036071429,676081.2091115074,1,0,0,0,0,0
2018-03-12,3981001.7,286.0,3037076.1928571425,267.7142857142857,0,3,12,11,1541038.7,3582849.59,19059545.475,2980197.32,5332836.969,2912043.0,4161982.48,375964.14,2871688.06,5869819.566785715,854690.656231252,0,0,0,0,0,0
2018-03-13,3667487.7,280.0,3081595.8899999997,264.85714285714283,1,3,13,11,3981001.7,3355849.82,20051325.84,3037076.1928571425,5453004.887666667,1541038.7,2912043.0,328367.83,2811361.133333333,4792780.725714286,912756.8051734433,0,0,0,0,0,0
2018-03-14,19674605.55,870.0,5468740.432857143,349.0,2,3,14,11,3667487.7,2964593.75,3183327.91,3081595.8899999997,5564308.883333334,3981001.7,1541038.7,373354.07,3063176.033333333,3622506.572857144,938143.3731297028,0,0,0,0,0,0
2018-03-15,31678562.11,1837.0,9659531.605714286,573.7142857142857,3,3,15,11,19674605.55,2343023.9,2507536.5,5468740.432857143,6207683.932666668,3667487.7,3981001.7,223210.41,9107698.316666668,4800454.975714287,6333847.4948476,0,0,0,0,0,0
2018-03-16,7776516.18,451.0,10175893.562857142,592.1428571428571,4,3,16,11,31678562.11,4161982.48,12858515.87,9659531.605714286,7256195.6559999995,19674605.55,3667487.7,298199.47,18340218.453333333,6884099.662142858,11510511.706336755,0,0,0,0,0,0
2018-03-17,587775.7,169.0,9843855.377142858,580.5714285714286,5,3,17,11,7776516.18,2912043.0,1387220.05,10175893.562857142,7505472.8796666665,31678562.11,19674605.55,3135998.92,19709894.613333333,6521099.684285714,11301973.068588791,1,0,0,0,0,0
2018-03-18,185978.9,109.0,9650275.405714285,571.7142857142857,6,3,18,11,587775.7,1541038.7,2268621.05,9843855.377142858,7420532.105666667,7776516.18,31678562.11,4715184.49,13347617.996666668,6463996.516428572,11581625.570371883,1,0,0,0,0,0
2018-03-19,382515.45,117.0,9136205.94142857,547.5714285714286,0,3,19,12,185978.9,3981001.7,3582849.59,9650275.405714285,7269558.585999999,587775.7,7776516.18,8353273.465,2850090.26,6315236.362857143,11753579.63877311,0,0,0,0,0,0
2018-03-20,245216.69,107.0,8647310.082857141,522.8571428571429,1,3,20,12,382515.45,3667487.7,3355849.82,9136205.94142857,7003866.652166666,185978.9,587775.7,3353743.27,385423.3499999999,6086641.067142857,12115971.857411686,0,0,1,0,0,0
2018-03-21,235772.45,106.0,5870333.925714285,413.7142857142857,2,3,21,12,245216.69,19674605.55,2964593.75,8647310.082857141,6900249.0995000005,382515.45,185978.9,26868415.29,271237.01333333337,5864452.986428573,12438182.616703149,0,0,1,0,0,0
2018-03-22,360665.35,118.0,1396348.6742857136,168.14285714285714,3,3,22,12,235772.45,31678562.11,2343023.9,5870333.925714285,6012494.338166666,245216.69,382515.45,6357775.47,287834.86333333334,5669537.179285714,11714818.71268652,0,0,1,0,0,0
2018-03-23,3957995.13,577.0,850845.6671428566,186.14285714285714,4,3,23,12,360665.35,7776516.18,4161982.48,1396348.6742857136,5812590.6674999995,235772.45,245216.69,4606886.3,280551.49666666664,5527940.140000001,2816554.112703233,0,1,1,0,0,0
2018-03-24,3177863.93,449.0,1220858.2714285708,226.14285714285714,5,3,24,12,3957995.13,587775.7,2912043.0,850845.6671428566,5790960.961833334,360665.35,235772.45,6251326.54,1518144.3099999998,5513369.615,1376610.7454058304,1,0,1,0,0,0
2018-03-25,2993606.074,308.0,1621947.8677142854,254.57142857142858,6,3,25,12,3177863.93,185978.9,1541038.7,1220858.2714285708,5688512.208166667,3957995.13,360665.35,6509923.47,2498841.47,5532356.824285715,1620585.5815592725,1,0,1,1,0,0
2018-03-26,4457055.05,739.0,2204024.9534285706,343.42857142857144,0,3,26,13,2993606.074,382515.45,3981001.7,1621947.8677142854,5571301.6283,3177863.93,3957995.13,3586976.73,3376488.378,5636111.636714287,1668499.0845727087,0,0,0,1,0,0
2018-03-27,7031047.45,1319.0,3173429.3477142854,516.5714285714286,1,3,27,13,4457055.05,245216.69,3667487.7,2204024.9534285706,5600304.238966667,2993606.074,3177863.93,2469035.27,3542841.684666667,5670115.447428572,1863387.5537262466,0,0,0,1,0,0
2018-03-28,7082397.6,1843.0,4151518.6548571424,764.7142857142857,2,3,28,13,7031047.45,235772.45,19674605.55,3173429.3477142854,5752371.311633334,4457055.05,2993606.074,19059545.475,4827236.191333334,5910369.715285716,2370593.500377727,0,0,0,1,0,0
2018-03-29,2255654.0,636.0,4422231.319142857,838.7142857142857,3,3,29,13,7082397.6,360665.35,31678562.11,4151518.6548571424,5353133.049133332,7031047.45,4457055.05,20051325.84,6190166.7,5010926.290285715,2368961.627790317,0,0,0,1,0,0
2018-03-30,364186.95,88.0,3908830.150571428,768.8571428571429,4,3,30,13,2255654.0,3957995.13,7776516.18,4422231.319142857,4759943.987799999,7082397.6,7031047.45,3183327.91,5456366.350000001,2909289.9967142865,1931433.4809503222,0,0,0,1,0,0
2018-03-31,549373.2,116.0,3533331.4748571427,721.2857142857143,5,3,31,13,364186.95,3177863.93,587775.7,3908830.150571428,4665972.622466667,2255654.0,7082397.6,2507536.5,3234079.516666667,2379837.9088571435,2476212.0026162234,1,0,0,1,0,0
2018-04-01,420200.01,107.0,3165702.0371428565,692.5714285714286,6,4,1,13,549373.2,2993606.074,185978.9,3533331.4748571427,4600700.512466666,364186.95,2255654.0,12858515.87,1056404.716666667,2377094.8731428576,2785510.123546727,1,0,0,0,1,0
2018-04-02,580137.05,82.0,2611856.608571428,598.7142857142857,0,4,2,14,420200.01,4457055.05,382515.45,3165702.0371428565,4186089.9838,549373.2,364186.95,1387220.05,444586.72000000026,2393824.952428572,3027887.7146486714,0,0,0,0,1,0
2018-04-03,338235.0,108.0,1655740.5442857135,425.7142857142857,1,4,3,14,580137.05,7031047.45,245216.69,2611856.608571428,4159187.2171333334,420200.01,549373.2,2268621.05,516570.08666666696,2407940.7810000004,3105880.5638873624,0,0,0,0,1,0
2018-04-04,441804.18,137.0,707084.3414285708,182.0,2,4,4,14,338235.0,7082397.6,235772.45,1655740.5442857135,4094841.0154666663,580137.05,420200.01,3582849.59,446190.686666667,2414584.946000001,2487299.9581239363,0,0,0,0,1,0
2018-04-05,343464.46,101.0,433914.4071428566,105.57142857142857,3,4,5,14,441804.18,2255654.0,360665.35,707084.3414285708,3990139.5018,338235.0,580137.05,3355849.82,453392.07666666695,2429301.4981428576,688641.3008921103,0,0,0,0,1,0
2018-04-06,281065.25,104.0,422039.878571428,107.85714285714286,4,4,6,14,343464.46,364186.95,3957995.13,433914.4071428566,3889726.656466666,441804.18,338235.0,2964593.75,374501.21333333367,2428072.863142858,97604.46327289181,0,0,0,0,0,0
2018-04-07,440846.65,122.0,406536.0857142852,108.71428571428571,5,4,7,14,281065.25,549373.2,3177863.93,422039.878571428,3800275.7064666664,343464.46,441804.18,2343023.9,355444.63000000035,2165435.014571429,111559.92639448159,1,0,0,0,0,0
2018-04-08,404064.85,98.0,404231.0628571423,107.42857142857143,6,4,8,14,440846.65,420200.01,2993606.074,406536.0857142852,3736869.7981333337,281065.25,343464.46,4161982.48,355125.45333333366,1969933.7802857147,97579.92435066348,1,0,0,0,0,0
2018-04-09,217325.15,81.0,352400.7914285709,107.28571428571429,0,4,9,15,404064.85,580137.05,4457055.05,404231.0628571423,3611605.877133333,440846.65,281065.25,2912043.0,375325.58333333366,1784966.5500000005,97393.75586089818,0,0,0,0,0,0
2018-04-10,613261.1,104.0,391690.23428571376,106.71428571428571,1,4,10,15,217325.15,338235.0,7031047.45,352400.7914285709,3521781.9488,404064.85,440846.65,1541038.7,354078.8833333336,1482128.7000000007,83765.07503916006,0,0,0,0,0,0
2018-04-11,215013.01,103.0,359291.4957142851,101.85714285714286,2,4,11,15,613261.1,441804.18,7082397.6,391690.23428571376,3490856.0288,217325.15,404064.85,3981001.7,411550.366666667,1023715.389285715,128543.98435224865,0,0,0,0,0,0
2018-04-12,492019.0,96.0,380513.5728571423,101.14285714285714,3,4,12,15,215013.01,343464.46,2255654.0,359291.4957142851,3365323.0724666663,613261.1,217325.15,3667487.7,348533.08666666696,533187.9185714291,141713.92643751163,0,0,0,0,0,0
2018-04-13,342324.5,117.0,389264.89428571373,103.0,4,4,13,15,492019.0,281065.25,364186.95,380513.5728571423,3259474.1158000003,215013.01,613261.1,19674605.55,440097.7033333336,407213.9900000006,149839.06984085185,0,0,0,0,0,0
2018-04-14,193170.64,75.0,353882.60714285664,96.28571428571429,5,4,14,15,342324.5,440846.65,549373.2,389264.89428571373,2615064.7474666666,492019.0,215013.01,31678562.11,349785.50333333365,405652.38642857195,144765.79826510386,1,0,0,0,0,0
2018-04-15,5216819.9,621.0,1041419.0428571424,171.0,6,4,15,15,193170.64,404064.85,420200.01,353882.60714285664,1565551.6984666665,342324.5,492019.0,7776516.18,342504.71333333367,380209.346428572,159568.0384773642,1,0,0,0,0,0
2018-04-16,317744.92,136.0,1055764.7242857139,178.85714285714286,0,4,16,16,5216819.9,217325.15,580137.05,1041419.0428571424,1480228.4891333333,193170.64,342324.5,587775.7,1917438.346666667,722825.0528571435,1847947.877923903,0,0,0,0,0,0
2018-04-17,540318.32,135.0,1045344.3271428568,183.28571428571428,1,4,17,16,317744.92,613261.1,338235.0,1055764.7242857139,1471227.4631333335,5216819.9,193170.64,185978.9,1909245.1533333336,704082.7578571435,1840860.354062732,0,0,0,0,0,0
2018-04-18,264039.95,94.0,1052348.1757142853,182.0,2,4,18,16,540318.32,215013.01,441804.18,1045344.3271428568,1483038.7771333335,317744.92,5216819.9,382515.45,2024961.046666667,718517.2807142863,1843986.4652616344,0,0,0,0,0,0
2018-04-19,520435.04000000004,112.0,1056407.6099999996,184.28571428571428,3,4,19,16,264039.95,492019.0,343464.46,1052348.1757142853,1479089.5938,540318.32,317744.92,245216.69,374034.39666666696,705819.8357142862,1840396.6764740013,0,0,0,0,0,0
2018-04-20,497174.35,111.0,1078529.0171428567,183.42857142857142,4,4,20,16,520435.04000000004,342324.5,281065.25,1056407.6099999996,1488263.5388000002,264039.95,540318.32,235772.45,441597.7700000003,718460.5914285721,1838985.5449133276,0,0,0,0,0,0
2018-04-21,293844.8,94.0,1092911.0399999996,186.14285714285714,5,4,21,16,497174.35,193170.64,440846.65,1078529.0171428567,1496976.9354666665,520435.04000000004,264039.95,360665.35,427216.446666667,733896.9557142863,1829872.8854270226,1,0,0,0,0,0
2018-04-22,550214.11,81.0,426253.0699999995,109.0,6,4,22,16,293844.8,5216819.9,404064.85,1092911.0399999996,1494749.5838,497174.35,520435.04000000004,3957995.13,437151.39666666696,723396.8235714292,1822133.8510800975,1,0,0,0,0,0
2018-04-23,376085.35,116.0,434587.4171428566,106.14285714285714,0,4,23,17,550214.11,317744.92,217325.15,426253.0699999995,1381156.8831333334,293844.8,497174.35,3177863.93,447077.75333333365,733836.056428572,127734.33172356723,0,0,0,0,0,0
2018-04-24,425390.8,115.0,418169.19999999943,103.28571428571429,1,4,24,17,376085.35,540318.32,613261.1,434587.4171428566,1287764.2638,550214.11,293844.8,2993606.074,406714.7533333336,745176.0707142863,121211.18562429944,0,0,0,0,0,0
2018-04-25,696141.86,108.0,479898.04428571375,105.28571428571429,2,4,25,17,425390.8,264039.95,215013.01,418169.19999999943,1202157.088,376085.35,550214.11,4457055.05,450563.42000000033,731756.7635714292,111931.19768524909,0,0,0,1,0,0
2018-04-26,490565.19,115.0,475630.92285714234,105.71428571428571,3,4,26,17,696141.86,520435.04000000004,492019.0,479898.04428571375,1076793.315,425390.8,376085.35,7031047.45,499206.0033333336,766123.1100000006,130391.32165363448,0,0,0,1,0,0
2018-04-27,338302.79,92.0,452934.98571428517,103.0,4,4,27,17,490565.19,497174.35,342324.5,475630.92285714234,858777.2396666667,696141.86,425390.8,7082397.6,537365.9500000003,766019.266428572,129328.04689022149,0,0,0,1,0,0
2018-04-28,872306.34,92.0,535572.348571428,102.71428571428571,5,4,28,17,338302.79,293844.8,193170.64,452934.98571428517,633974.0793333333,490565.19,696141.86,2255654.0,508336.6133333336,765732.0014285721,138530.15324954694,1,0,1,1,0,0
2018-04-29,392194.25,62.0,512998.0828571423,100.0,6,4,29,17,872306.34,550214.11,5216819.9,535572.348571428,587862.4906666667,338302.79,490565.19,364186.95,567058.1066666669,814241.6942857149,190570.95335727517,1,0,1,1,0,0
2018-04-30,344016.99,90.0,508416.8885714281,96.28571428571429,0,4,30,18,392194.25,376085.35,317744.92,512998.0828571423,588796.0673333333,872306.34,338302.79,549373.2,534267.7933333336,469625.576428572,197770.677488456,0,0,1,1,0,0
2018-05-01,286481.75,85.0,488572.73857142805,92.0,1,5,1,18,344016.99,425390.8,540318.32,508416.8885714281,581950.8603333334,392194.25,872306.34,420200.01,536172.526666667,471502.1528571434,201801.07663350724,0,1,1,0,1,0
2018-05-02,334634.6,115.0,436928.8442857138,93.0,2,5,2,18,286481.75,696141.86,264039.95,488572.73857142805,577493.5850000001,344016.99,392194.25,580137.05,340897.6633333336,453370.9692857148,217542.09918517186,0,0,1,0,1,0
2018-05-03,384855.05,90.0,421827.3957142852,89.42857142857143,3,5,3,18,334634.6,490565.19,520435.04000000004,436928.8442857138,569310.17,286481.75,344016.99,338235.0,321711.1133333336,458413.4442857148,202439.19133268794,0,0,1,0,1,0
2018-05-04,22377635.01,934.0,3570303.427142857,209.71428571428572,4,5,4,18,384855.05,338302.79,497174.35,421827.3957142852,570864.1716666666,334634.6,286481.75,441804.18,335323.8000000003,448729.1592857148,201712.75094038874,0,0,0,0,1,0
2018-05-05,6465573.6,421.0,4369341.607142857,256.7142857142857,5,5,5,18,22377635.01,872306.34,293844.8,3570303.427142857,1302058.532666667,384855.05,334634.6,343464.46,7699041.553333335,2011619.206428572,8295624.655963298,1,0,0,0,1,0
2018-05-06,3732313.71,265.0,4846501.53,285.7142857142857,6,5,6,18,6465573.6,392194.25,550214.11,4369341.607142857,1506128.8373333332,22377635.01,384855.05,281065.25,9742687.886666669,2452456.977857143,8261744.1418835,1,0,0,0,0,0
2018-05-07,7683002.89,417.0,5894928.087142857,332.42857142857144,0,5,7,19,3732313.71,344016.99,376085.35,4846501.53,1621170.4526666666,6465573.6,22377635.01,440846.65,10858507.440000001,2679749.8064285717,8088395.286799483,0,0,0,0,0,0
2018-05-08,1899564.68,189.0,6125368.505714285,347.2857142857143,1,5,8,19,7683002.89,286481.75,425390.8,5894928.087142857,1862575.6606666667,3732313.71,6465573.6,404064.85,5960296.733333334,3201672.4878571434,7880480.263552114,0,0,0,0,0,0
2018-05-09,11590011.23,680.0,7733279.452857142,428.0,2,5,9,19,1899564.68,334634.6,696141.86,6125368.505714285,1912425.655,7683002.89,3732313.71,217325.15,4438293.760000001,3306970.622142858,7710905.20019485,0,0,0,0,0,0
2018-05-10,7085564.56,376.0,8690523.66857143,468.85714285714283,3,5,10,19,11590011.23,384855.05,490565.19,7733279.452857142,2291515.191,1899564.68,7683002.89,613261.1,7057526.2666666685,4085104.1485714293,7471952.351717931,0,0,0,0,0,0
2018-05-11,7108973.93,663.0,6509286.371428572,430.14285714285717,4,5,11,19,7085564.56,22377635.01,338302.79,8690523.66857143,2507258.639666667,11590011.23,1899564.68,215013.01,6858380.156666667,4556175.532142857,6769864.715984017,0,0,0,0,0,0
2018-05-12,3213787.51,179.0,6044745.5014285715,395.57142857142856,5,5,12,19,7108973.93,6465573.6,872306.34,6509286.371428572,2737057.337,7085564.56,11590011.23,492019.0,8594849.906666668,5039794.899285714,3078043.732474012,1,0,0,0,0,0
2018-05-13,1273824.58,118.0,5693532.768571428,374.57142857142856,6,5,13,19,3213787.51,3732313.71,392194.25,6044745.5014285715,2827782.9540000004,7108973.93,7085564.56,342324.5,5802775.333333335,5207043.554285714,3321493.983990834,1,0,0,0,0,0
2018-05-14,5831589.25,481.0,5429045.105714285,383.7142857142857,0,5,14,20,1273824.58,7683002.89,344016.99,5693532.768571428,2858832.9566666665,3213787.51,7108973.93,193170.64,3865528.6733333343,5270017.149285714,3713597.238002353,0,0,0,0,0,0
2018-05-15,5988741.69,430.0,6013213.25,418.14285714285717,1,5,15,20,5831589.25,1899564.68,286481.75,5429045.105714285,3046780.2436666666,1273824.58,3213787.51,5216819.9,3439733.780000001,5661986.596428572,3612852.493482452,0,0,0,0,0,0
2018-05-16,3144418.35,305.0,4806699.981428571,364.57142857142856,2,5,16,20,5988741.69,11590011.23,334634.6,6013213.25,3072510.9699999997,5831589.25,1273824.58,317744.92,4364718.506666668,6069290.877857143,3260457.025309681,0,0,0,0,0,0
2018-05-17,4863999.95,314.0,4489333.608571428,355.7142857142857,3,5,17,20,3144418.35,7085564.56,384855.05,4806699.981428571,3166733.417666666,5988741.69,5831589.25,540318.32,4988249.763333335,6269989.717142858,2262854.7118337434,0,0,0,0,0,0
2018-05-18,10407610.07,696.0,4960567.342857143,360.42857142857144,4,5,18,20,4863999.95,7108973.93,22377635.01,4489333.608571428,3310856.1386666666,3144418.35,5988741.69,264039.95,4665719.996666668,6589928.638571428,2034210.669924017,0,0,0,0,0,0
2018-05-19,2330502.24,180.0,4834383.732857143,360.57142857142856,5,5,19,20,10407610.07,3213787.51,6465573.6,4960567.342857143,3648975.142666667,4863999.95,3144418.35,520435.04000000004,6138676.123333335,5734926.857142858,2927943.83290104,1,0,0,0,0,0
2018-05-20,1448765.19,158.0,4859375.2485714285,366.2857142857143,6,5,20,20,2330502.24,1273824.58,3732313.71,4834383.732857143,3709310.716,10407610.07,4863999.95,497174.35,5867370.753333335,5439564.617142857,3032921.50322923,1,0,0,0,0,0
2018-05-21,1495956.38,156.0,4239999.124285714,319.85714285714283,0,5,21,21,1448765.19,5831589.25,7683002.89,4859375.2485714285,3741030.4106666665,2330502.24,10407610.07,293844.8,4728959.166666668,5276454.008571429,2999225.9133049916,0,0,0,0,0,0
2018-05-22,1091053.0,102.0,3540329.3114285707,273.0,1,5,22,21,1495956.38,5988741.69,1899564.68,4239999.124285714,3781100.796666667,1448765.19,2330502.24,550214.11,1758407.9366666682,4834522.115000001,3205571.592602043,0,0,0,0,0,0
2018-05-23,673897.05,117.0,3187397.6971428567,246.14285714285714,2,5,23,21,1091053.0,3144418.35,11590011.23,3540329.3114285707,3799128.759666667,1495956.38,1448765.19,376085.35,1345258.190000001,4776771.2807142865,3293557.6411921545,0,0,0,0,0,0
2018-05-24,830934.72,97.0,2611245.521428571,215.14285714285714,3,5,24,21,673897.05,4863999.95,7085564.56,3187397.6971428567,3809055.8163333335,1091053.0,1495956.38,425390.8,1086968.8100000012,3997048.839285715,3470660.238930876,0,0,0,0,0,0
2018-05-25,1577231.9375,350.0,1349762.931071428,165.71428571428572,4,5,25,21,830934.72,10407610.07,7108973.93,2611245.521428571,3822573.9469999997,673897.05,1091053.0,696141.86,865294.9233333346,3550289.565000001,3480688.5886241803,0,0,0,1,0,0
2018-05-26,1229874.24,132.0,1192530.3596428565,158.85714285714286,5,5,26,21,1577231.9375,2330502.24,3213787.51,1349762.931071428,3851943.61625,830934.72,673897.05,490565.19,1027354.5691666679,3155165.1369642867,553424.7830524337,1,0,0,1,0,0
2018-05-27,289290.2,111.0,1026891.0753571425,152.14285714285714,6,5,27,21,1229874.24,1448765.19,1273824.58,1192530.3596428565,3876587.2512499997,1577231.9375,830934.72,338302.79,1212680.299166668,3013457.0462500006,345722.2099033277,1,0,0,1,0,0
2018-05-28,538454.34,132.0,890105.0696428567,148.71428571428572,0,5,28,22,289290.2,1495956.38,5831589.25,1026891.0753571425,3874953.49825,1229874.24,1577231.9375,872306.34,1032132.1258333345,2943133.161964286,461026.9277629668,0,0,0,1,0,0
2018-05-29,607525.38,122.0,821029.6953571424,151.57142857142858,1,5,29,22,538454.34,1091053.0,5988741.69,890105.0696428567,3863825.0982500003,289290.2,1229874.24,392194.25,685872.9266666679,2565052.096964286,440236.730567984,0,0,0,1,0,0
2018-05-30,548364.02,112.0,803096.4053571422,150.85714285714286,2,5,30,22,607525.38,673897.05,3144418.35,821029.6953571424,3871002.8025833336,538454.34,289290.2,344016.99,478423.30666666786,2180679.5033928575,441384.4946306226,0,0,0,1,0,0
2018-05-31,580554.05,97.0,767327.7382142852,150.85714285714286,3,5,31,22,548364.02,830934.72,4863999.95,803096.4053571422,3877814.3702499997,607525.38,538454.34,286481.75,564781.246666668,1995247.0512500007,450808.34204766515,0,0,0,1,0,0
2018-06-01,1702044.79,403.0,785158.1457142851,158.42857142857142,4,6,1,22,580554.05,1577231.9375,10407610.07,767327.7382142852,3887616.78025,548364.02,607525.38,334634.6,578814.4833333347,1689286.629821429,458105.39414711524,0,0,0,0,1,0
2018-06-02,1564061.26,113.0,832899.148571428,155.71428571428572,5,6,2,22,1702044.79,1229874.24,2330502.24,785158.1457142851,3933197.1199166668,580554.05,548364.02,384855.05,943654.286666668,1067460.5383928576,495763.55314086535,1,0,0,0,1,0
2018-06-03,1378006.35,63.0,988430.0271428565,148.85714285714286,6,6,3,22,1564061.26,289290.2,1448765.19,832899.148571428,3972503.9935833337,1702044.79,580554.05,22377635.01,1282220.0333333348,1012714.7541071434,557920.5793521358,1,0,0,0,1,0
2018-06-04,620747.4,92.0,1000186.178571428,143.14285714285714,0,6,4,23,1378006.35,538454.34,1495956.38,988430.0271428565,3272516.3715833332,1564061.26,1702044.79,6465573.6,1548037.466666668,1007660.5512500006,532283.5131058272,0,0,0,0,1,0
2018-06-05,915308.35,100.0,1044155.1742857137,140.0,1,6,5,23,620747.4,607525.38,1091053.0,1000186.178571428,3077688.8315833337,1378006.35,1564061.26,3732313.71,1187605.0033333346,945145.6241071433,521488.15511537023,0,0,0,0,1,0
2018-06-06,1086408.91,125.0,1121018.7299999995,141.85714285714286,2,6,6,23,915308.35,548364.02,673897.05,1044155.1742857137,2983788.6529166666,620747.4,1378006.35,7683002.89,971354.0333333346,932592.4348214291,495174.7520679244,0,0,0,0,0,0
2018-06-07,887687.05,112.0,1164894.8728571422,144.0,3,6,7,23,1086408.91,580554.05,830934.72,1121018.7299999995,2763902.186916666,915308.35,620747.4,1899564.68,874154.886666668,962057.567678572,444561.3337226807,0,0,0,0,0,0
2018-06-08,1517817.35,239.0,1138576.6671428566,120.57142857142857,4,6,8,23,887687.05,1702044.79,1577231.9375,1164894.8728571422,2730172.9325833335,1086408.91,915308.35,11590011.23,963134.7700000013,966111.3055357148,394688.58353299863,0,0,0,0,0,0
2018-06-09,900601.71,90.0,1043796.7314285709,117.28571428571429,5,6,9,23,1517817.35,1564061.26,1229874.24,1138576.6671428566,2394433.1365833334,887687.05,1086408.91,7085564.56,1163971.1033333347,961867.4064285719,357269.77984655736,1,0,0,0,0,0
2018-06-10,459256.35,69.0,912546.7314285709,118.14285714285714,6,6,10,23,900601.71,1378006.35,289290.2,1043796.7314285709,2188267.70825,1517817.35,887687.05,7108973.93,1102035.3700000013,938347.9400000005,310527.09530730516,1,0,0,0,0,0
2018-06-11,640784.0,82.0,915409.1028571423,116.71428571428571,0,6,11,24,459256.35,620747.4,538454.34,912546.7314285709,1966610.4555833335,900601.71,1517817.35,3213787.51,959225.136666668,950488.3792857148,338616.7726685911,0,0,0,0,0,0
2018-06-12,1101475.0,41.0,942004.3385714281,108.28571428571429,1,6,12,24,640784.0,915308.35,607525.38,915409.1028571423,1880843.671916667,459256.35,900601.71,1273824.58,666880.6866666679,957797.6407142862,335812.1232115126,0,0,0,0,0,0
2018-06-13,888383.36,53.0,913714.9742857137,98.0,2,6,13,24,1101475.0,1086408.91,548364.02,942004.3385714281,1875098.6859166666,640784.0,459256.35,5831589.25,733838.4500000012,993079.756428572,343095.7239033284,0,0,1,0,0,0
2018-06-14,1064752.33,60.0,939010.0142857137,90.57142857142857,3,6,14,24,888383.36,887687.05,580554.05,913714.9742857137,1710325.15625,1101475.0,640784.0,5988741.69,876880.7866666679,1017366.8521428576,337319.96846124035,0,0,1,0,0,0
2018-06-15,1506448.2,132.0,937385.8499999994,75.28571428571429,4,6,15,24,1064752.33,1517817.35,1702044.79,939010.0142857137,1546192.1775833333,888383.36,1101475.0,3144418.35,1018203.5633333345,1051952.443571429,341653.9485538163,0,0,1,0,0,0
2018-06-16,384074.05,20.0,863596.1842857136,65.28571428571429,5,6,16,24,1506448.2,900601.71,1564061.26,937385.8499999994,1491593.1725833334,1064752.33,888383.36,4863999.95,1153194.630000001,1037981.2585714292,338455.86141010665,1,1,1,0,0,0
2018-06-17,661266.4,31.0,892454.7628571423,59.857142857142854,6,6,17,24,384074.05,459256.35,1378006.35,863596.1842857136,1342262.3092500002,1506448.2,1064752.33,10407610.07,985091.5266666679,953696.4578571434,398748.1854582042,1,0,1,0,0,0
2018-06-18,196471.0,35.0,828981.4771428566,53.142857142857146,0,6,18,25,661266.4,640784.0,620747.4,892454.7628571423,1017384.1869166667,384074.05,1506448.2,2330502.24,850596.2166666678,902500.7471428576,370948.6958138605,0,0,1,0,0,0
2018-06-19,521689.9,84.0,746155.0342857138,59.285714285714285,1,6,19,25,196471.0,1101475.0,915308.35,828981.4771428566,946249.81225,661266.4,384074.05,1448765.19,413937.15000000125,872195.2900000006,450642.2877116883,0,0,0,0,0,0
2018-06-20,2097764.0,159.0,918923.6971428564,74.42857142857143,2,6,20,25,521689.9,888383.36,1086408.91,746155.0342857138,915347.3025833333,196471.0,661266.4,1495956.38,459809.1000000012,844079.6864285719,445463.18306032504,0,0,0,0,0,0
2018-06-21,660896.41,90.0,861229.9942857136,78.71428571428571,3,6,21,25,2097764.0,1064752.33,887687.05,918923.6971428564,935407.5565833334,521689.9,196471.0,1091053.0,938641.6333333346,916319.3357142862,681701.2430039834,0,0,0,0,0,0
2018-06-22,3871212.45,365.0,1199053.4585714282,112.0,4,6,22,25,660896.41,1506448.2,1517817.35,861229.9942857136,921069.0035833333,2097764.0,521689.9,673897.05,1093450.1033333347,900120.0042857148,684386.7882495001,0,0,0,0,0,0
2018-06-23,686776.4,103.0,1242296.651428571,123.85714285714286,5,6,23,25,3871212.45,384074.05,900601.71,1199053.4585714282,1027646.1835833334,660896.41,2097764.0,830934.72,2209957.6200000015,1068219.6542857147,1332611.8874320602,1,0,0,0,0,0
2018-06-24,361654.7,81.0,1199494.9799999993,131.0,6,6,24,25,686776.4,661266.4,459256.35,1242296.651428571,1022840.9062500001,3871212.45,660896.41,1577231.9375,1739628.4200000016,1052946.4178571433,1306411.9556629923,1,0,0,0,0,0
2018-06-25,432720.0,92.0,1233244.8371428566,139.14285714285714,0,6,25,26,361654.7,196471.0,640784.0,1199494.9799999993,982321.6649999999,686776.4,3871212.45,1229874.24,1639881.1833333345,1045974.8714285719,1333253.1267165313,0,0,0,1,0,0
2018-06-26,399931.04,73.0,1215850.7142857139,137.57142857142858,1,6,26,26,432720.0,521689.9,1101475.0,1233244.8371428566,955749.8570000001,361654.7,686776.4,289290.2,493717.0333333346,1031113.1571428577,1306349.672107693,0,0,0,1,0,0
2018-06-27,966536.2,107.0,1054246.7428571424,130.14285714285714,2,6,27,26,399931.04,2097764.0,888383.36,1215850.7142857139,959437.885,432720.0,361654.7,538454.34,398101.91333333455,981002.8742857148,1318160.357105168,0,0,0,1,0,0
2018-06-28,434226.99,88.0,1021865.3971428566,129.85714285714286,3,6,28,26,966536.2,660896.41,1064752.33,1054246.7428571424,973707.2803333333,399931.04,432720.0,607525.38,599729.0800000012,986585.2200000006,1260083.0753502918,0,0,0,1,0,0
2018-06-29,1367443.8,180.0,664184.1614285709,103.42857142857143,4,6,29,26,434226.99,3871212.45,1506448.2,1021865.3971428566,967930.6673333334,966536.2,399931.04,548364.02,600231.4100000012,941547.6957142863,1274703.644605798,0,0,0,1,0,0
2018-06-30,485408.0,74.0,635417.2471428567,99.28571428571429,5,6,30,26,1367443.8,686776.4,384074.05,664184.1614285709,995233.3266666665,434226.99,966536.2,580554.05,922735.6633333346,931618.8100000005,377339.597190812,1,0,0,1,0,0
2018-07-01,768149.2,56.0,693487.8899999994,95.71428571428571,6,7,1,26,485408.0,361654.7,661266.4,635417.2471428567,992061.7916666666,1367443.8,434226.99,1702044.79,762359.596666668,938856.9492857149,382964.0515761152,1,0,0,0,1,0
2018-07-02,568183.5,104.0,712839.818571428,97.42857142857143,0,7,2,27,768149.2,432720.0,196471.0,693487.8899999994,960931.9386666666,485408.0,1367443.8,1564061.26,873667.0000000013,946491.4350000005,364928.1278452405,0,0,0,0,1,0
2018-07-03,910291.09,70.0,785748.3971428565,97.0,1,7,3,27,568183.5,399931.04,521689.9,712839.818571428,927736.0133333334,768149.2,485408.0,1378006.35,607246.9000000012,973042.3278571434,352163.562538294,0,0,0,0,1,0
2018-07-04,575438.0,80.0,729877.225714285,93.14285714285714,2,7,4,27,910291.09,966536.2,2097764.0,785748.3971428565,912145.5046666667,568183.5,768149.2,620747.4,748874.596666668,1000799.5557142862,328628.5957720179,0,0,0,0,1,0
2018-07-05,416117.0,68.0,727290.0842857137,90.28571428571429,3,7,5,27,575438.0,434226.99,660896.41,729877.225714285,910635.1913333334,910291.09,568183.5,915308.35,684637.5300000012,892061.9842857148,326005.0210915464,0,0,0,0,1,0
2018-07-06,1009582.8,135.0,676167.0842857137,83.85714285714286,4,7,6,27,416117.0,1367443.8,3871212.45,727290.0842857137,893995.4796666667,575438.0,910291.09,1086408.91,633948.6966666678,874577.7407142862,328802.17125154054,0,0,0,0,0,0
2018-07-07,1133189.0,78.0,768707.2271428566,84.42857142857143,5,7,7,27,1009582.8,485408.0,686776.4,676167.0842857137,891434.6093333332,416117.0,575438.0,887687.05,667045.9333333346,670175.6228571434,223704.67012630161,1,0,0,0,0,0
2018-07-08,699827.5,72.0,758946.9842857138,86.71428571428571,6,7,8,27,1133189.0,768149.2,361654.7,768707.2271428566,899618.0076666665,1009582.8,416117.0,1517817.35,852962.9333333345,702062.2371428577,262296.5667405862,1,0,0,0,0,0
2018-07-09,546687.3,95.0,755876.098571428,85.42857142857143,0,7,9,28,699827.5,568183.5,432720.0,758946.9842857138,872351.6793333333,1133189.0,1009582.8,900601.71,947533.1000000011,726217.4371428577,263588.7587941875,0,0,0,0,0,0
2018-07-10,1091003.58,90.0,781692.168571428,88.28571428571429,1,7,10,28,546687.3,910291.09,399931.04,755876.098571428,860554.5323333333,699827.5,1133189.0,459256.35,793234.6000000011,734357.9585714291,266292.9642451198,0,0,0,0,0,0
2018-07-11,1717163.81,92.0,944795.8557142852,90.0,2,7,11,28,1091003.58,575438.0,966536.2,781692.168571428,881612.7733333333,546687.3,699827.5,640784.0,779172.7933333345,783720.2828571433,291339.6671063329,0,0,0,0,0,0
2018-07-12,900925.1,79.0,1014054.1557142852,91.57142857142857,3,7,12,28,1717163.81,416117.0,434226.99,944795.8557142852,917492.1003333332,1091003.58,546687.3,1101475.0,1118284.8966666681,837336.5407142863,438865.87364945223,0,0,0,0,0,0
2018-07-13,1382496.65,107.0,1067327.5628571422,87.57142857142857,4,7,13,28,900925.1,1009582.8,1367443.8,1014054.1557142852,910807.1036666667,1717163.81,1091003.58,888383.36,1236364.1633333347,870672.1200000005,375159.04543271766,0,0,0,0,0,0
2018-07-14,466636.0,71.0,972105.7057142851,86.57142857142857,5,7,14,28,1382496.65,1133189.0,485408.0,1067327.5628571422,927277.5466666666,900925.1,1717163.81,1064752.33,1333528.5200000012,871747.323571429,400068.60733154713,1,0,0,0,0,0
2018-07-15,383782.3,48.0,926956.391428571,83.14285714285714,6,7,15,28,466636.0,699827.5,768149.2,972105.7057142851,907340.3356666666,1382496.65,900925.1,1506448.2,916685.9166666679,870406.466428572,457046.9621520152,1,0,0,0,0,0
2018-07-16,367951.0,82.0,901422.6342857138,81.28571428571429,0,7,16,29,383782.3,546687.3,568183.5,926956.391428571,869918.1390000001,466636.0,1382496.65,384074.05,744304.9833333344,842951.6878571435,501841.830662359,0,0,0,0,0,0
2018-07-17,1473712.0,67.0,956095.2657142852,78.0,1,7,17,29,367951.0,1091003.58,910291.09,901422.6342857138,869380.704,383782.3,466636.0,661266.4,406123.10000000126,828649.366428572,528266.0274408425,0,0,0,0,0,0
2018-07-18,1294141.01,76.0,895663.4371428565,75.71428571428571,2,7,18,29,1473712.0,1717163.81,575438.0,956095.2657142852,896462.2239999999,367951.0,383782.3,196471.0,741815.1000000011,868893.7171428577,569362.286719279,0,0,0,0,0,0
2018-07-19,1156232.0,69.0,932135.8514285709,74.28571428571429,3,7,19,29,1294141.01,900925.1,416117.0,895663.4371428565,933051.2243333332,1473712.0,367951.0,521689.9,1045268.0033333345,920229.646428572,492362.6773064647,0,0,0,0,0,0
2018-07-20,1649347.15,164.0,970257.351428571,82.42857142857143,4,7,20,29,1156232.0,1382496.65,1009582.8,932135.8514285709,954202.6276666666,1294141.01,1473712.0,2097764.0,1308028.3366666678,973095.0035714292,502175.7109241333,0,0,0,0,0,0
2018-07-21,440960.98,55.0,966589.4914285709,80.14285714285714,5,7,21,29,1649347.15,466636.0,1133189.0,970257.351428571,939255.3993333334,1156232.0,1294141.01,660896.41,1366573.3866666679,1018792.4571428576,549920.770721538,1,0,0,0,0,0
2018-07-22,186602.0,41.0,938420.8771428566,79.14285714285714,6,7,22,29,440960.98,383782.3,699827.5,966589.4914285709,931924.2183333334,1649347.15,1156232.0,3871212.45,1082180.0433333346,969347.598571429,553910.8134046606,1,0,0,0,0,0
2018-07-23,264214.0,69.0,923601.3057142851,77.28571428571429,0,7,23,30,186602.0,367951.0,546687.3,938420.8771428566,809103.87,440960.98,1649347.15,686776.4,758970.0433333345,932688.6342857147,592180.3081028068,0,0,0,0,0,0
2018-07-24,148153.99,63.0,734235.8757142852,76.71428571428571,1,7,24,30,264214.0,1473712.0,1091003.58,923601.3057142851,795018.4566666667,186602.0,440960.98,361654.7,297258.99333333457,912511.9700000006,609869.7673009738,0,0,0,0,0,0
2018-07-25,97361.89,29.0,563267.4299999995,70.0,2,7,25,30,148153.99,1294141.01,1717163.81,734235.8757142852,787901.7663333333,264214.0,186602.0,432720.0,199656.66333333458,845165.5707142863,616350.6441593467,0,0,0,1,0,0
2018-07-26,136495.85,44.0,417590.8371428566,66.42857142857143,3,7,26,30,97361.89,1156232.0,900925.1,563267.4299999995,776723.1626666667,148153.99,264214.0,399931.04,169909.96000000124,729465.4335714291,600948.1324823627,0,0,0,1,0,0
2018-07-27,915907.42,122.0,312813.7328571423,60.42857142857143,4,7,27,30,136495.85,1649347.15,1382496.65,417590.8371428566,767941.9896666666,97361.89,148153.99,966536.2,127337.24333333457,674863.3442857148,555098.678897033,0,0,0,1,0,0
2018-07-28,340387.55,48.0,298446.09999999945,59.42857142857143,5,7,28,30,915907.42,440960.98,466636.0,312813.7328571423,766254.3636666667,136495.85,97361.89,434226.99,383255.0533333346,641535.5421428577,289555.8009805389,1,0,0,1,0,0
2018-07-29,184882.38,49.0,298200.4399999995,60.57142857142857,6,7,29,30,340387.55,186602.0,383782.3,298446.09999999945,763126.3823333333,915907.42,136495.85,1367443.8,464263.6066666679,632517.7957142863,284590.0465620095,1,0,0,1,0,0
2018-07-30,239487.5,52.0,294668.0828571423,58.142857142857146,0,7,30,31,184882.38,264214.0,367951.0,298200.4399999995,723707.6683333333,340387.55,915907.42,485408.0,480392.4500000013,618310.658571429,284703.4015036759,0,0,0,1,0,0
2018-07-31,173323.8,55.0,298263.7699999995,57.0,1,7,31,31,239487.5,148153.99,1473712.0,294668.0828571423,715510.3183333334,184882.38,340387.55,768149.2,254919.14333333456,609134.6942857149,285348.0183206864,0,0,0,1,0,0
2018-08-01,205464.25,55.0,313706.96428571374,60.714285714285715,2,8,1,31,173323.8,97361.89,1294141.01,298263.7699999995,695682.8049999999,239487.5,184882.38,568183.5,199231.22666666788,516249.8228571434,283345.6376263845,0,0,0,0,1,0
2018-08-02,188363.0,61.0,321116.5571428566,63.142857142857146,3,8,2,31,205464.25,136495.85,1156232.0,313706.96428571374,683592.1633333333,173323.8,239487.5,910291.09,206091.85000000126,438487.19714285765,273340.2159543689,0,0,0,0,1,0
2018-08-03,761818.3,176.0,299103.8257142852,70.85714285714286,4,8,3,31,188363.0,915907.42,1649347.15,321116.5571428566,659527.8936666666,205464.25,173323.8,575438.0,189050.35000000126,369353.69714285765,268394.0690602159,0,0,0,0,1,0
2018-08-04,297572.49,59.0,292987.3885714281,72.42857142857143,5,8,4,31,761818.3,340387.55,440960.98,299103.8257142852,665740.5703333333,188363.0,205464.25,416117.0,385215.1833333346,305958.77928571485,211841.99734887067,1,0,0,0,1,0
2018-08-05,159610.3,56.0,289377.09142857086,73.42857142857143,6,8,5,31,297572.49,184882.38,186602.0,292987.3885714281,661789.0866666666,761818.3,188363.0,1009582.8,415917.9300000013,295716.7442857148,211068.04373608486,1,0,0,0,1,0
2018-08-06,295897.59,69.0,297435.6757142852,75.85714285714286,0,8,6,32,159610.3,239487.5,264214.0,289377.09142857086,633456.67,297572.49,761818.3,1133189.0,406333.69666666794,293788.76571428624,213428.29774845188,0,0,0,0,0,0
2018-08-07,233451.3,68.0,306025.318571428,77.71428571428571,1,8,7,32,295897.59,173323.8,148153.99,297435.6757142852,605546.9563333334,159610.3,297572.49,699827.5,251026.7933333346,296051.8792857148,212292.56141101263,0,0,0,0,0,0
2018-08-08,189544.21,81.0,303751.0271428566,81.42857142857143,2,8,8,32,233451.3,205464.25,97361.89,306025.318571428,590001.0830000001,295897.59,159610.3,546687.3,229653.06333333455,302144.5442857148,207598.39380962908,0,0,0,0,0,0
2018-08-09,261648.32,64.0,314220.35857142805,81.85714285714286,3,8,9,32,189544.21,188363.0,136495.85,303751.0271428566,578096.3133333334,233451.3,295897.59,1091003.58,239631.03333333458,308728.9957142863,208966.37369256085,0,0,0,0,0,0
2018-08-10,606212.2,160.0,291990.91571428516,79.57142857142857,4,8,10,32,261648.32,761818.3,915907.42,314220.35857142805,550451.138,189544.21,233451.3,1717163.81,228214.61000000124,317668.4578571434,203998.63759439727,0,0,0,0,0,0
2018-08-11,374014.0,64.0,302911.1314285709,80.28571428571429,5,8,11,32,606212.2,297572.49,340387.55,291990.91571428516,513419.4176666666,261648.32,189544.21,900925.1,352468.24333333457,295547.3707142862,147845.04626116817,1,0,1,0,0,0
2018-08-12,1844942.94,262.0,543672.9371428565,109.71428571428571,6,8,12,32,374014.0,159610.3,184882.38,302911.1314285709,495855.7143333333,606212.2,261648.32,1382496.65,413958.17333333456,297949.26000000053,151112.99350117135,1,0,1,0,0,0
2018-08-13,3228380.51,331.0,962599.068571428,147.14285714285714,0,8,13,33,1844942.94,295897.59,239487.5,543672.9371428565,511270.5906666666,374014.0,606212.2,466636.0,941723.0466666678,416525.0142857148,589996.336365975,0,0,1,0,0,0
2018-08-14,8616312.78,711.0,2160150.708571428,239.0,1,8,14,33,3228380.51,233451.3,173323.8,962599.068571428,603328.741,1844942.94,374014.0,383782.3,1815779.150000001,630017.3721428576,1155158.1757130637,0,1,1,0,0,0
2018-08-15,185466.5,71.0,2159568.1785714277,237.57142857142858,2,8,15,33,8616312.78,189544.21,205464.25,2160150.708571428,877746.4236666666,3228380.51,1844942.94,367951.0,4563212.076666667,1233088.0135714288,3055462.596190921,0,0,1,0,0,0
2018-08-16,306006.3,65.0,2165905.032857142,237.71428571428572,3,8,16,33,185466.5,261648.32,188363.0,2159568.1785714277,871663.607,8616312.78,3228380.51,1473712.0,4010053.263333334,1231659.6028571432,3055901.2701196023,0,0,1,0,0,0
2018-08-17,6972105.65,545.0,3075318.3828571425,292.7142857142857,4,8,17,33,306006.3,606212.2,761818.3,2165905.032857142,832740.0836666666,185466.5,8616312.78,1294141.01,3035928.526666668,1240062.695714286,3051352.3284599944,0,0,0,0,0,0
2018-08-18,223037.0,43.0,3053750.2399999993,289.7142857142857,5,8,18,33,6972105.65,374014.0,297572.49,3075318.3828571425,1022005.5716666667,306006.3,185466.5,1156232.0,2487859.483333335,1683654.6492857148,3433710.3436768474,1,0,0,0,0,0
2018-08-19,283764.5,66.0,2830724.748571428,261.7142857142857,6,8,19,33,223037.0,1844942.94,159610.3,3053750.2399999993,990899.0716666667,6972105.65,306006.3,1649347.15,2500382.983333335,1678330.685714286,3453920.665231671,1,0,1,0,0,0
2018-08-20,272741.0,44.0,2408490.5328571424,220.71428571428572,0,8,20,34,283764.5,3228380.51,295897.59,2830724.748571428,945379.6499999999,223037.0,6972105.65,440960.98,2492969.050000001,1687198.8428571434,3592604.233996274,0,0,1,0,0,0
2018-08-21,114693.4,34.0,1193973.4785714282,124.0,1,8,21,34,272741.0,8616312.78,233451.3,2408490.5328571424,939772.3173333332,283764.5,223037.0,186602.0,259847.50000000125,1685544.8007142863,3709851.9673001985,0,0,1,0,0,0
2018-08-22,88913.0,14.0,1180180.121428571,115.85714285714286,2,8,22,34,114693.4,185466.5,189544.21,1193973.4785714282,937375.364,272741.0,283764.5,264214.0,223732.96666666793,1677062.093571429,2548761.013519211,0,1,1,0,0,0
2018-08-23,84061.1,31.0,1148473.6642857138,111.0,3,8,23,34,88913.0,306006.3,261648.32,1180180.121428571,931531.9973333332,114693.4,272741.0,148153.99,158782.46666666793,1669874.1500000004,2555381.14452545,0,0,1,0,0,0
2018-08-24,219386.25,50.0,183799.46428571377,40.285714285714285,4,8,24,34,84061.1,6972105.65,606212.2,1148473.6642857138,929395.5676666666,88913.0,114693.4,97361.89,95889.16666666791,1657189.348571429,2569374.006312038,0,0,1,0,0,0
2018-08-25,91259.0,41.0,164974.0357142852,40.0,5,8,25,34,219386.25,223037.0,374014.0,183799.46428571377,933463.0463333332,84061.1,88913.0,136495.85,130786.78333333456,1629558.923571429,86058.54519061872,1,0,0,1,0,0
2018-08-26,194309.0,33.0,152194.67857142803,35.285714285714285,6,8,26,34,91259.0,283764.5,1844942.94,164974.0357142852,931955.1513333333,219386.25,84061.1,915907.42,131568.78333333458,1609362.1378571433,90350.99630234177,1,0,0,1,0,0
2018-08-27,104660.23999999999,22.0,128183.14142857089,32.142857142857146,0,8,27,35,194309.0,272741.0,3228380.51,152194.67857142803,907901.8706666665,91259.0,219386.25,340387.55,168318.08333333457,1491459.713571429,75923.20367591892,0,0,0,1,0,0
2018-08-28,57440.0,7.0,120004.08428571375,28.285714285714285,1,8,28,35,104660.23999999999,114693.4,8616312.78,128183.14142857089,900044.2936666666,194309.0,91259.0,184882.38,130076.08000000124,1268336.8371428575,55193.94134487845,0,0,0,1,0,0
